#,Name,MLBAMID,Last,First,Lastv2,Firstv2,YahooName
1,Clayton Kershaw,477132,Kershaw,Clayton,Kershaw,Clayton,Clayton Kershaw
2,Carlos Santana,467793,Santana,Carlos,Santana,Carlos,Carlos Santana
3,Cory Rasmus,474284,Rasmus,Cory,Rasmus,Cory,Cory Rasmus
4,Tommy Pham,502054,Pham,Tommy,Pham,Tommy,Tommy Pham
5,Kenley Jansen,445276,Jansen,Kenley,Jansen,Kenley,Kenley Jansen
6,Max Scherzer,453286,Scherzer,Max,Scherzer,Max,Max Scherzer
7,Liam Hendriks,521230,Hendriks,Liam,Hendriks,Liam,Liam Hendriks
8,Justin Wilson,458677,Wilson,Justin,Wilson,Justin,Justin Wilson
9,Charlie Morton,450203,Morton,Charlie,Morton,Charlie,Charlie Morton
10,Giancarlo Stanton,519317,Stanton,Giancarlo,Stanton,Giancarlo,Giancarlo Stanton
11,Anthony Gose,543238,Gose,Anthony,Gose,Anthony,Anthony Gose
12,Justin Turner,457759,Turner,Justin,Turner,Justin,Justin Turner
13,Sandy Leon,506702,Leon,Sandy,León,Sandy,Sandy León
14,Freddie Freeman,518692,Freeman,Freddie,Freeman,Freddie,Freddie Freeman
15,Jose Altuve,514888,Altuve,Jose,Altuve,Jose,Jose Altuve
16,Kyle Higashioka,543309,Higashioka,Kyle,Higashioka,Kyle,Kyle Higashioka
17,Ryan Brasier,518489,Brasier,Ryan,Brasier,Ryan,Ryan Brasier
18,Wilmer Flores,527038,Flores,Wilmer,Flores,Wilmer,Wilmer Flores
19,Leury Garcia,544725,Garcia,Leury,Garcia,Leury,Leury García
20,Alex Cobb,502171,Cobb,Alex,Cobb,Alex,Alex Cobb
21,Carlos Carrasco,471911,Carrasco,Carlos,Carrasco,Carlos,Carlos Carrasco
22,Craig Kimbrel,518886,Kimbrel,Craig,Kimbrel,Craig,Craig Kimbrel
23,Martin Perez,527048,Perez,Martin,Pérez,Martín,Martín Pérez
24,Luis Garcia,472610,Garcia,Luis,García,Luis,Luis García
25,Salvador Perez,521692,Perez,Salvador,Perez,Salvador,Salvador Perez
26,Evan Scribner,519267,Scribner,Evan,Scribner,Evan,Evan Scribner
27,Travis d’Arnaud,518595,d’Arnaud,Travis,d’Arnaud,Travis,Travis d’Arnaud
28,Miguel Rojas,500743,Rojas,Miguel,Rojas,Miguel,Miguel Rojas
29,Hunter Strickland,519326,Strickland,Hunter,Strickland,Hunter,Hunter Strickland
30,Bryan Shaw,543766,Shaw,Bryan,Shaw,Bryan,Bryan Shaw
31,David Robertson,502085,Robertson,David,Robertson,David,David Robertson
32,Donovan Solano,456781,Solano,Donovan,Solano,Donovan,Donovan Solano
33,Justin Verlander,434378,Verlander,Justin,Verlander,Justin,Justin Verlander
34,Wade Miley,489119,Miley,Wade,Miley,Wade,Wade Miley
35,Kirby Yates,489446,Yates,Kirby,Yates,Kirby,Kirby Yates
36,Nathan Eovaldi,543135,Eovaldi,Nathan,Eovaldi,Nathan,Nathan Eovaldi
37,Casey Kelly,543391,Kelly,Casey,Kelly,Casey,Casey Kelly
38,Paul Goldschmidt,502671,Goldschmidt,Paul,Goldschmidt,Paul,Paul Goldschmidt
39,Starling Marte,516782,Marte,Starling,Marte,Starling,Starling Marte
40,Patrick Corbin,571578,Corbin,Patrick,Corbin,Patrick,Patrick Corbin
41,Dallas Keuchel,572971,Keuchel,Dallas,Keuchel,Dallas,Dallas Keuchel
42,Christian Vazquez,543877,Vazquez,Christian,Vázquez,Christian,Christian Vázquez
43,Nolan Arenado,571448,Arenado,Nolan,Arenado,Nolan,Nolan Arenado
44,Andrew McCutchen,457705,McCutchen,Andrew,McCutchen,Andrew,Andrew McCutchen
45,Trayce Thompson,572204,Thompson,Trayce,Thompson,Trayce,Trayce Thompson
46,Christian Bethancourt,542194,Bethancourt,Christian,Bethancourt,Christian,Christian Bethancourt
47,Chris Owings,572008,Owings,Chris,Owings,Chris,Chris Owings
48,Tyler Matzek,554431,Matzek,Tyler,Matzek,Tyler,Tyler Matzek
49,Max Stassi,545358,Stassi,Max,Stassi,Max,Max Stassi
50,Mike Trout,545361,Trout,Mike,Trout,Mike,Mike Trout
51,Shelby Miller,571946,Miller,Shelby,Miller,Shelby,Shelby Miller
52,Tucker Barnhart,571466,Barnhart,Tucker,Barnhart,Tucker,Tucker Barnhart
53,Jose Iglesias,578428,Iglesias,Jose,Iglesias,Jose,Jose Iglesias
54,Aroldis Chapman,547973,Chapman,Aroldis,Chapman,Aroldis,Aroldis Chapman
55,Randal Grichuk,545341,Grichuk,Randal,Grichuk,Randal,Randal Grichuk
56,Zack Wheeler,554430,Wheeler,Zack,Wheeler,Zack,Zack Wheeler
57,Erasmo Ramirez,541640,Ramirez,Erasmo,Ramírez,Erasmo,Erasmo Ramírez
58,Michael Tonkin,543859,Tonkin,Michael,Tonkin,Michael,Michael Tonkin
59,Rafael Ortega,542364,Ortega,Rafael,Ortega,Rafael,Rafael Ortega
60,Marcell Ozuna,542303,Ozuna,Marcell,Ozuna,Marcell,Marcell Ozuna
61,Enrique Hernandez,571771,Hernandez,Enrique,Hernández,Enrique,Enrique Hernández
62,Scott Alexander,518397,Alexander,Scott,Alexander,Scott,Scott Alexander
63,Chris Sale,519242,Sale,Chris,Sale,Chris,Chris Sale
64,Carlos Perez,542208,Perez,Carlos,Pérez,Carlos,Carlos Pérez
65,Rob Brantly,542963,Brantly,Rob,Brantly,Rob,Rob Brantly
66,Gio Urshela,570482,Urshela,Gio,Urshela,Gio,Gio Urshela
67,Jurickson Profar,595777,Profar,Jurickson,Profar,Jurickson,Jurickson Profar
68,Michael Mariot,592527,Mariot,Michael,Mariot,Michael,Michael Mariot
69,Rangel Ravelo,592660,Ravelo,Rangel,Ravelo,Rangel,Rangel Ravelo
70,Chasen Shreve,592741,Shreve,Chasen,Shreve,Chasen,Chasen Shreve
71,Jacob deGrom,594798,deGrom,Jacob,deGrom,Jacob,Jacob deGrom
72,Vince Velasquez,592826,Velasquez,Vince,Velasquez,Vince,Vince Velasquez
73,Tyler Lyons,544928,Lyons,Tyler,Lyons,Tyler,Tyler Lyons
74,Tommy Kahnle,592454,Kahnle,Tommy,Kahnle,Tommy,Tommy Kahnle
75,Jose Quintana,500779,Quintana,Jose,Quintana,Jose,Jose Quintana
76,Drew Pomeranz,519141,Pomeranz,Drew,Pomeranz,Drew,Drew Pomeranz
77,Gary Sanchez,596142,Sanchez,Gary,Sánchez,Gary,Gary Sánchez
78,Mark Canha,592192,Canha,Mark,Canha,Mark,Mark Canha
79,Dixon Machado,553988,Machado,Dixon,Machado,Dixon,Dixon Machado
80,Christian Yelich,592885,Yelich,Christian,Yelich,Christian,Christian Yelich
81,Robbie Ray,592662,Ray,Robbie,Ray,Robbie,Robbie Ray
82,Michael A. Taylor,572191,Taylor,Michael A.,Taylor,Michael A.,Michael A. Taylor
83,Manny Machado,592518,Machado,Manny,Machado,Manny,Manny Machado
84,Bryce Harper,547180,Harper,Bryce,Harper,Bryce,Bryce Harper
85,Jose Urena,570632,Urena,Jose,Ureña,José,José Ureña
86,Yolmer Sanchez,570560,Sanchez,Yolmer,Sánchez,Yolmer,Yolmer Sánchez
87,Willson Contreras,575929,Contreras,Willson,Contreras,Willson,Willson Contreras
88,Brandon Drury,592273,Drury,Brandon,Drury,Brandon,Brandon Drury
89,Heath Hembree,592390,Hembree,Heath,Hembree,Heath,Heath Hembree
90,Jameson Taillon,592791,Taillon,Jameson,Taillon,Jameson,Jameson Taillon
91,Elias Diaz,553869,Diaz,Elias,Díaz,Elias,Elias Díaz
92,Nick Castellanos,592206,Castellanos,Nick,Castellanos,Nick,Nick Castellanos
93,J.T. Realmuto,592663,Realmuto,J.T.,Realmuto,J.T.,J.T. Realmuto
94,Hector Neris,593576,Neris,Hector,Neris,Héctor,Héctor Neris
95,Taijuan Walker,592836,Walker,Taijuan,Walker,Taijuan,Taijuan Walker
96,Joc Pederson,592626,Pederson,Joc,Pederson,Joc,Joc Pederson
97,Hanser Alberto,593643,Alberto,Hanser,,,
98,Jon Berti,542932,Berti,Jon,Berti,Jon,Jon Berti
99,Kyle Hendricks,543294,Hendricks,Kyle,Hendricks,Kyle,Kyle Hendricks
100,Scott McGough,543518,McGough,Scott,McGough,Scott,Scott McGough
101,Yimi Garcia,554340,Garcia,Yimi,García,Yimi,Yimi García
102,Max Kepler,596146,Kepler,Max,Kepler,Max,Max Kepler
103,Ben Gamel,592325,Gamel,Ben,Gamel,Ben,Ben Gamel
104,Xander Bogaerts,593428,Bogaerts,Xander,Bogaerts,Xander,Xander Bogaerts
105,Jorge Alfaro,595751,Alfaro,Jorge,Alfaro,Jorge,Jorge Alfaro
106,Aaron Brooks,605156,Brooks,Aaron,Brooks,Aaron,Aaron Brooks
107,Chris Bassitt,605135,Bassitt,Chris,Bassitt,Chris,Chris Bassitt
108,Colin Rea,607067,Rea,Colin,Rea,Colin,Colin Rea
109,Jacob Barnes,606930,Barnes,Jacob,Barnes,Jacob,Jacob Barnes
110,Seth Lugo,607625,Lugo,Seth,Lugo,Seth,Seth Lugo
111,Marcus Semien,543760,Semien,Marcus,Semien,Marcus,Marcus Semien
112,Eugenio Suarez,553993,Suarez,Eugenio,Suárez,Eugenio,Eugenio Suárez
113,Trevor Story,596115,Story,Trevor,Story,Trevor,Trevor Story
114,Blake Treinen,595014,Treinen,Blake,Treinen,Blake,Blake Treinen
115,Adrian Houser,605288,Houser,Adrian,Houser,Adrian,Adrian Houser
116,Nick Martinez,607259,Martinez,Nick,Martinez,Nick,Nick Martinez
117,Rafael Montero,606160,Montero,Rafael,Montero,Rafael,Rafael Montero
118,Chris Devenski,606965,Devenski,Chris,Devenski,Chris,Chris Devenski
119,Sonny Gray,543243,Gray,Sonny,Gray,Sonny,Sonny Gray
120,Mike Clevinger,605182,Clevinger,Mike,Clevinger,Mike,Mike Clevinger
121,Andrew Kittredge,552640,Kittredge,Andrew,Kittredge,Andrew,Andrew Kittredge
122,George Springer,543807,Springer,George,Springer,George,George Springer
123,Shawn Armstrong,542888,Armstrong,Shawn,Armstrong,Shawn,Shawn Armstrong
124,James McCann,543510,McCann,James,McCann,James,James McCann
125,Anthony Rendon,543685,Rendon,Anthony,Rendon,Anthony,Anthony Rendon
126,Andrew McKirahan,605374,McKirahan,Andrew,McKirahan,Andrew,Andrew McKirahan
127,Tyler Anderson,542881,Anderson,Tyler,Anderson,Tyler,Tyler Anderson
128,Francisco Lindor,596019,Lindor,Francisco,Lindor,Francisco,Francisco Lindor
129,Brandon Nimmo,607043,Nimmo,Brandon,Nimmo,Brandon,Brandon Nimmo
130,Joe Musgrove,605397,Musgrove,Joe,Musgrove,Joe,Joe Musgrove
131,Joe Ross,605452,Ross,Joe,Ross,Joe,Joe Ross
132,Austin Hedges,595978,Hedges,Austin,Hedges,Austin,Austin Hedges
133,Javier Baez,595879,Baez,Javier,Báez,Javier,Javier Báez
134,Andrew Chafin,605177,Chafin,Andrew,Chafin,Andrew,Andrew Chafin
135,Anthony DeSclafani,543101,DeSclafani,Anthony,DeSclafani,Anthony,Anthony DeSclafani
136,Teoscar Hernandez,606192,Hernandez,Teoscar,Hernández,Teoscar,Teoscar Hernández
137,Yu Darvish,506433,Darvish,Yu,Darvish,Yu,Yu Darvish
138,Gerrit Cole,543037,Cole,Gerrit,Cole,Gerrit,Gerrit Cole
139,Derek Law,571882,Law,Derek,Law,Derek,Derek Law
140,Josh Bell,605137,Bell,Josh,Bell,Josh,Josh Bell
141,Jorge Polanco,593871,Polanco,Jorge,Polanco,Jorge,Jorge Polanco
142,Eduardo Rodriguez,593958,Rodriguez,Eduardo,Rodriguez,Eduardo,Eduardo Rodriguez
143,Orlando Arcia,606115,Arcia,Orlando,Arcia,Orlando,Orlando Arcia
144,Michael Fulmer,605242,Fulmer,Michael,Fulmer,Michael,Michael Fulmer
145,Jesse Hahn,534910,Hahn,Jesse,Hahn,Jesse,Jesse Hahn
146,Danny Coulombe,543056,Coulombe,Danny,Coulombe,Danny,Danny Coulombe
147,Max Muncy,571970,Muncy,Max,Muncy,Max,Max Muncy
148,Ildemaro Vargas,545121,Vargas,Ildemaro,Vargas,Ildemaro,Ildemaro Vargas
149,Adrian Sampson,592716,Sampson,Adrian,Sampson,Adrian,Adrian Sampson
150,Luke Maile,571912,Maile,Luke,Maile,Luke,Luke Maile
151,Tyler Naquin,571980,Naquin,Tyler,Naquin,Tyler,Tyler Naquin
152,Steven Matz,571927,Matz,Steven,Matz,Steven,Steven Matz
153,Christian Walker,572233,Walker,Christian,Walker,Christian,Christian Walker
154,Pierce Johnson,572955,Johnson,Pierce,Johnson,Pierce,Pierce Johnson
155,Taylor Rogers,573124,Rogers,Taylor,Rogers,Taylor,Taylor Rogers
156,Lucas Sims,608371,Sims,Lucas,Sims,Lucas,Lucas Sims
157,Tom Murphy,608596,Murphy,Tom,Murphy,Tom,Tom Murphy
158,Jose Ramirez,608070,Ramirez,Jose,Ramírez,José,José Ramírez
159,Matt Bowman,621199,Bowman,Matt,Bowman,Matt,Matt Bowman
160,Blake Snell,605483,Snell,Blake,Snell,Blake,Blake Snell
161,Steven Okert,595345,Okert,Steven,Okert,Steven,Steven Okert
162,Jesse Winker,608385,Winker,Jesse,Winker,Jesse,Jesse Winker
163,Robert Stephenson,596112,Stephenson,Robert,Stephenson,Robert,Robert Stephenson
164,Carl Edwards Jr.,605218,Edwards Jr.,Carl,Edwards Jr.,Carl,Carl Edwards Jr.
165,Mookie Betts,605141,Betts,Mookie,Betts,Mookie,Mookie Betts
166,Ketel Marte,606466,Marte,Ketel,Marte,Ketel,Ketel Marte
167,Carson Kelly,608348,Kelly,Carson,Kelly,Carson,Carson Kelly
168,Jeimer Candelario,600869,Candelario,Jeimer,Candelario,Jeimer,Jeimer Candelario
169,Corey Seager,608369,Seager,Corey,Seager,Corey,Corey Seager
170,Jacob Stallings,607732,Stallings,Jacob,Stallings,Jacob,Jacob Stallings
171,Chris Taylor,621035,Taylor,Chris,Taylor,Chris,Chris Taylor
172,Travis Jankowski,608671,Jankowski,Travis,Jankowski,Travis,Travis Jankowski
173,Rob Refsnyder,608701,Refsnyder,Rob,Refsnyder,Rob,Rob Refsnyder
174,Zach Eflin,621107,Eflin,Zach,Eflin,Zach,Zach Eflin
175,Matt Strahm,621381,Strahm,Matt,Strahm,Matt,Matt Strahm
176,Paul Sewald,623149,Sewald,Paul,Sewald,Paul,Paul Sewald
177,Tyler Heineman,623168,Heineman,Tyler,Heineman,Tyler,Tyler Heineman
178,Brent Suter,608718,Suter,Brent,Suter,Brent,Brent Suter
179,Michael Wacha,608379,Wacha,Michael,Wacha,Michael,Michael Wacha
180,Kevin Gausman,592332,Gausman,Kevin,Gausman,Kevin,Kevin Gausman
181,Albert Almora Jr.,546991,Almora Jr.,Albert,Almora Jr.,Albert,Albert Almora Jr.
182,Lance McCullers Jr.,621121,McCullers Jr.,Lance,McCullers Jr.,Lance,Lance McCullers Jr.
183,Byron Buxton,621439,Buxton,Byron,Buxton,Byron,Byron Buxton
184,Carlos Correa,621043,Correa,Carlos,Correa,Carlos,Carlos Correa
185,Jose Berrios,621244,Berrios,Jose,Berríos,José,José Berríos
186,Josh Hader,623352,Hader,Josh,Hader,Josh,Josh Hader
187,Jorge Soler,624585,Soler,Jorge,Soler,Jorge,Jorge Soler
188,Ray Black,605143,Black,Ray,Black,Ray,Ray Black
189,Wandy Peralta,593974,Peralta,Wandy,Peralta,Wandy,Wandy Peralta
190,Frankie Montas,593423,Montas,Frankie,Montas,Frankie,Frankie Montas Jr.
191,Matt Olson,621566,Olson,Matt,Olson,Matt,Matt Olson
192,Raimel Tapia,606132,Tapia,Raimel,,,
193,Ty Blach,621389,Blach,Ty,Blach,Ty,Ty Blach
194,Tyler Glasnow,607192,Glasnow,Tyler,Glasnow,Tyler,Tyler Glasnow
195,Amir Garrett,607237,Garrett,Amir,Garrett,Amir,Amir Garrett
196,Harold Ramirez,623912,Ramirez,Harold,,,
197,Joe Hudson,621529,Hudson,Joe,Hudson,Joe,Joe Hudson
198,Jose Leclerc,600917,Leclerc,Jose,Leclerc,José,José Leclerc
199,Carlos Estevez,608032,Estevez,Carlos,Estévez,Carlos,Carlos Estévez
200,Edwin Diaz,621242,Diaz,Edwin,Díaz,Edwin,Edwin Díaz
201,Paul Blackburn,621112,Blackburn,Paul,Blackburn,Paul,Paul Blackburn
202,Kyle Farmer,571657,Farmer,Kyle,Farmer,Kyle,Kyle Farmer
203,Buck Farmer,571656,Farmer,Buck,Farmer,Buck,Buck Farmer
204,Michael Lorenzen,547179,Lorenzen,Michael,Lorenzen,Michael,Michael Lorenzen
205,Joe Mantiply,573009,Mantiply,Joe,Mantiply,Joe,Joe Mantiply
206,Sam Moll,594580,Moll,Sam,Moll,Sam,Sam Moll
207,Jon Gray,592351,Gray,Jon,Gray,Jon,Jon Gray
208,Chad Kuhl,641771,Kuhl,Chad,Kuhl,Chad,Chad Kuhl
209,German Marquez,608566,Marquez,German,Márquez,Germán,Germán Márquez
210,Trevor Gott,641627,Gott,Trevor,Gott,Trevor,Trevor Gott
211,Dom Nunez,624513,Nunez,Dom,Nuñez,Dom,Dom Nuñez
212,Rob Zastryzny,642239,Zastryzny,Rob,Zastryzny,Rob,Rob Zastryzny
213,Ben Heller,621294,Heller,Ben,Heller,Ben,Ben Heller
214,Ryan McMahon,641857,McMahon,Ryan,McMahon,Ryan,Ryan McMahon
215,Mitch Garver,641598,Garver,Mitch,Garver,Mitch,Mitch Garver
216,Adam Frazier,624428,Frazier,Adam,Frazier,Adam,Adam Frazier
217,Mike Tauchman,643565,Tauchman,Mike,Tauchman,Mike,Mike Tauchman
218,Andrew Heaney,571760,Heaney,Andrew,Heaney,Andrew,Andrew Heaney
219,Kris Bryant,592178,Bryant,Kris,Bryant,Kris,Kris Bryant
220,Matthew Boyd,571510,Boyd,Matthew,Boyd,Matthew,Matthew Boyd
221,Jose De Leon,592254,De Leon,Jose,De León,José,José De León
222,Lucas Giolito,608337,Giolito,Lucas,Giolito,Lucas,Lucas Giolito
223,Antonio Senzatela,622608,Senzatela,Antonio,Senzatela,Antonio,Antonio Senzatela
224,J.P. Crawford,641487,Crawford,J.P.,Crawford,J.P.,J.P. Crawford
225,Kendall Graveman,608665,Graveman,Kendall,Graveman,Kendall,Kendall Graveman
226,Aaron Judge,592450,Judge,Aaron,Judge,Aaron,Aaron Judge
227,Dominic Smith,642086,Smith,Dominic,Smith,Dominic,Dominic Smith
228,Billy McKinney,641856,McKinney,Billy,McKinney,Billy,Billy McKinney
229,Reese McGuire,624512,McGuire,Reese,McGuire,Reese,Reese McGuire
230,Rowdy Tellez,642133,Tellez,Rowdy,Tellez,Rowdy,Rowdy Tellez
231,Miguel Castro,612434,Castro,Miguel,Castro,Miguel,Miguel Castro
232,Luis Castillo,622491,Castillo,Luis,Castillo,Luis,Luis Castillo
233,Tyler Wade,642180,Wade,Tyler,Wade,Tyler,Tyler Wade
234,Joe Jimenez,641729,Jimenez,Joe,Jiménez,Joe,Joe Jiménez
235,Wander Suero,593833,Suero,Wander,Suero,Wander,Wander Suero
236,Sean Manaea,640455,Manaea,Sean,Manaea,Sean,Sean Manaea
237,Luis Severino,622663,Severino,Luis,Severino,Luis,Luis Severino
238,Aledmys Diaz,649557,Diaz,Aledmys,,,
239,Austin Nola,543592,Nola,Austin,Nola,Austin,Austin Nola
240,Ryne Stanek,592773,Stanek,Ryne,Stanek,Ryne,Ryne Stanek
241,Cody Bellinger,641355,Bellinger,Cody,Bellinger,Cody,Cody Bellinger
242,Carlos Rodon,607074,Rodon,Carlos,Rodón,Carlos,Carlos Rodón
243,Aaron Nola,605400,Nola,Aaron,Nola,Aaron,Aaron Nola
244,J.D. Davis,605204,Davis,J.D.,Davis,J.D.,J.D. Davis
245,Trea Turner,607208,Turner,Trea,Turner,Trea,Trea Turner
246,Michael Conforto,624424,Conforto,Michael,Conforto,Michael,Michael Conforto
247,Reynaldo Lopez,625643,Lopez,Reynaldo,López,Reynaldo,Reynaldo López
248,Francisco Mejia,642336,Mejia,Francisco,Mejía,Francisco,Francisco Mejía
249,Christian Arroyo,624414,Arroyo,Christian,Arroyo,Christian,Christian Arroyo
250,Kyle Schwarber,656941,Schwarber,Kyle,Schwarber,Kyle,Kyle Schwarber
251,Matt Chapman,656305,Chapman,Matt,Chapman,Matt,Matt Chapman
252,Dan Altavilla,656186,Altavilla,Dan,Altavilla,Dan,Dan Altavilla
253,Danny Jansen,643376,Jansen,Danny,Jansen,Danny,Danny Jansen
254,Ozzie Albies,645277,Albies,Ozzie,Albies,Ozzie,Ozzie Albies
255,Austin Gomber,596295,Gomber,Austin,Gomber,Austin,Austin Gomber
256,Greg Allen,656185,Allen,Greg,Allen,Greg,Greg Allen
257,Brock Stewart,592779,Stewart,Brock,Stewart,Brock,Brock Stewart
258,Colin Moran,592567,Moran,Colin,,,
259,Luke Weaver,596133,Weaver,Luke,Weaver,Luke,Luke Weaver
260,Aramis Garcia,605244,Garcia,Aramis,Garcia,Aramis,Aramis Garcia
261,Jonah Heim,641680,Heim,Jonah,Heim,Jonah,Jonah Heim
262,Sean Newcomb,656794,Newcomb,Sean,Newcomb,Sean,Sean Newcomb
263,Grant Holmes,656550,Holmes,Grant,Holmes,Grant,Grant Holmes
264,Trevor Williams,592866,Williams,Trevor,Williams,Trevor,Trevor Williams
265,Tyler Beede,595881,Beede,Tyler,Beede,Tyler,Tyler Beede
266,Gleyber Torres,650402,Torres,Gleyber,Torres,Gleyber,Gleyber Torres
267,Raisel Iglesias,628452,Iglesias,Raisel,Iglesias,Raisel,Raisel Iglesias
268,Chad Wallach,595453,Wallach,Chad,Wallach,Chad,Chad Wallach
269,Yoan Moncada,660162,Moncada,Yoan,Moncada,Yoán,Yoán Moncada
270,Jorge Mateo,622761,Mateo,Jorge,Mateo,Jorge,Jorge Mateo
271,Jeff Hoffman,656546,Hoffman,Jeff,Hoffman,Jeff,Jeff Hoffman
272,Alex Bregman,608324,Bregman,Alex,Bregman,Alex,Alex Bregman
273,Andrew Benintendi,643217,Benintendi,Andrew,Benintendi,Andrew,Andrew Benintendi
274,Nathan Lukes,664770,Lukes,Nathan,Lukes,Nathan,Nathan Lukes
275,Carson Fulmer,608334,Fulmer,Carson,Fulmer,Carson,Carson Fulmer
276,Dansby Swanson,621020,Swanson,Dansby,Swanson,Dansby,Dansby Swanson
277,Kenta Maeda,628317,Maeda,Kenta,Maeda,Kenta,Kenta Maeda
278,Yuli Gurriel,493329,Gurriel,Yuli,Gurriel,Yuli,Yuli Gurriel
279,Chris Martin,455119,Martin,Chris,Martin,Chris,Chris Martin
280,Wilking Rodriguez,516853,Rodriguez,Wilking,Rodríguez,Wilking,Wilking Rodríguez
281,Fernando Cruz,518585,Cruz,Fernando,Cruz,Fernando,Fernando Cruz
282,Merrill Kelly,518876,Kelly,Merrill,Kelly,Merrill,Merrill Kelly
283,Albert Suarez,544150,Suarez,Albert,Suárez,Albert,Albert Suárez
284,Cody Poteet,547001,Poteet,Cody,Poteet,Cody,Cody Poteet
285,Michael Kelly,547184,Kelly,Michael,Kelly,Michael,Michael Kelly
286,Brooks Raley,548384,Raley,Brooks,Raley,Brooks,Brooks Raley
287,David Buchanan,571527,Buchanan,David,Buchanan,David,David Buchanan
288,Miles Mikolas,571945,Mikolas,Miles,Mikolas,Miles,Miles Mikolas
289,Hoby Milner,571948,Milner,Hoby,Milner,Hoby,Hoby Milner
290,Jon Singleton,572138,Singleton,Jon,Singleton,Jon,Jon Singleton
291,Burch Smith,572143,Smith,Burch,Smith,Burch,Burch Smith
292,Brian Moran,572383,Moran,Brian,Moran,Brian,Brian Moran
293,Caleb Thielbar,573204,Thielbar,Caleb,Thielbar,Caleb,Caleb Thielbar
294,Mike Yastrzemski,573262,Yastrzemski,Mike,Yastrzemski,Mike,Mike Yastrzemski
295,Yusei Kikuchi,579328,Kikuchi,Yusei,Kikuchi,Yusei,Yusei Kikuchi
296,Jason Adam,592094,Adam,Jason,Adam,Jason,Jason Adam
297,Cam Booser,592155,Booser,Cam,Booser,Cam,Cam Booser
298,Dylan Covey,592229,Covey,Dylan,Covey,Dylan,Dylan Covey
299,Niko Goodrum,592348,Goodrum,Niko,Goodrum,Niko,Niko Goodrum
300,Zack Weiss,592848,Weiss,Zack,Weiss,Zack,Zack Weiss
301,Ben Lively,594902,Lively,Ben,Lively,Ben,Ben Lively
302,Nick Burdi,595897,Burdi,Nick,Burdi,Nick,Nick Burdi
303,John Curtiss,595928,Curtiss,John,Curtiss,John,John Curtiss
304,Jakob Junis,596001,Junis,Jakob,Junis,Jakob,Jakob Junis
305,Austin Slater,596103,Slater,Austin,Slater,Austin,Austin Slater
306,Garrett Stubbs,596117,Stubbs,Garrett,Stubbs,Garrett,Garrett Stubbs
307,Thyago Vieira,600986,Vieira,Thyago,Vieira,Thyago,Thyago Vieira
308,Nick Pivetta,601713,Pivetta,Nick,Pivetta,Nick,Nick Pivetta
309,Yonathan Daza,602074,Daza,Yonathan,,,
310,Ramon Urias,602104,Urias,Ramon,Urías,Ramón,Ramón Urías
311,Justin Anderson,605121,Anderson,Justin,Anderson,Justin,Justin Anderson
312,Scott Barlow,605130,Barlow,Scott,Barlow,Scott,Scott Barlow
313,John Brebbia,605154,Brebbia,John,Brebbia,John,John Brebbia
314,Colten Brewer,605155,Brewer,Colten,Brewer,Colten,Colten Brewer
315,Victor Caratini,605170,Caratini,Victor,Caratini,Victor,Victor Caratini
316,Clay Holmes,605280,Holmes,Clay,Holmes,Clay,Clay Holmes
317,Jack Lopez,605346,Lopez,Jack,López,Jack,Jack López
318,Vimael Machin,605353,Machin,Vimael,Machín,Vimael,Vimael Machín
319,Nick Martini,605361,Martini,Nick,Martini,Nick,Nick Martini
320,Yacksel Rios,605441,Rios,Yacksel,Ríos,Yacksel,Yacksel Ríos
321,Jordan Romano,605447,Romano,Jordan,Romano,Jordan,Jordan Romano
322,Tayler Scott,605463,Scott,Tayler,Scott,Tayler,Tayler Scott
323,Jeffrey Springs,605488,Springs,Jeffrey,Springs,Jeffrey,Jeffrey Springs
324,Zach Thompson,605507,Thompson,Zach,Thompson,Zach,Zach Thompson
325,Brandon Woodruff,605540,Woodruff,Brandon,Woodruff,Brandon,Brandon Woodruff
326,Harold Castro,605612,Castro,Harold,Castro,Harold,Harold Castro
327,Giovanny Gallegos,606149,Gallegos,Giovanny,Gallegos,Giovanny,Giovanny Gallegos
328,Yefry Ramirez,606162,Ramirez,Yefry,Ramírez,Yefry,Yefry Ramirez
329,Joel Payamps,606303,Payamps,Joel,Payamps,Joel,Joel Payamps
330,Eric Haase,606992,Haase,Eric,Haase,Eric,Eric Haase
331,Kyle Hart,606996,Hart,Kyle,Hart,Kyle,Kyle Hart
332,Jordan Weems,607179,Weems,Jordan,Weems,Jordan,Jordan Weems
333,Erick Fedde,607200,Fedde,Erick,Fedde,Erick,Erick Fedde
334,Joey Krehbiel,607216,Krehbiel,Joey,Krehbiel,Joey,Joey Krehbiel
335,Beau Taylor,607333,Taylor,Beau,Taylor,Beau,Beau Taylor
336,Anthony Banda,607455,Banda,Anthony,Banda,Anthony,Anthony Banda
337,Aaron Bummer,607481,Bummer,Aaron,Bummer,Aaron,Aaron Bummer
338,Kyle Freeland,607536,Freeland,Kyle,Freeland,Kyle,Kyle Freeland
339,John Means,607644,Means,John,Means,John,John Means
340,Andrew Vasquez,607755,Vasquez,Andrew,Vasquez,Andrew,Andrew Vasquez
341,Max Fried,608331,Fried,Max,Fried,Max,Max Fried
342,Chris Okey,608360,Okey,Chris,Okey,Chris,Chris Okey
343,Tomoyuki Sugano,608372,Sugano,Tomoyuki,Sugano,Tomoyuki,Tomoyuki Sugano
344,Joey Meneses,608841,Meneses,Joey,Meneses,Joey,Joey Meneses
345,Miguel Andujar,609280,Andujar,Miguel,Andujar,Miguel,Miguel Andujar
346,Angelo Castellano,613546,Castellano,Angelo,,,
347,Franchy Cordero,614173,Cordero,Franchy,Cordero,Franchy,Franchy Cordero
348,Jose Ruiz,614179,Ruiz,Jose,Ruiz,José,José Ruiz
349,Cal Quantrill,615698,Quantrill,Cal,Quantrill,Cal,Cal Quantrill
350,Jacob Robson,615699,Robson,Jacob,Robson,Jacob,Jacob Robson
351,Luis Torrens,620443,Torrens,Luis,Torrens,Luis,Luis Torrens
352,Jose Castillo,620454,Castillo,Jose,Castillo,José,José Castillo
353,Richie Martin,621006,Martin,Richie,Martin,Richie,Richie Martin
354,Alex De Goti,621008,De Goti,Alex,De Goti,Alex,Alex De Goti
355,Jose Cuas,621016,Cuas,Jose,Cuas,Jose,José Cuas
356,Kevin Newman,621028,Newman,Kevin,,,
357,Steven Wilson,621051,Wilson,Steven,Wilson,Steven,Steven Wilson
358,Tyler Ferguson,621053,Ferguson,Tyler,Ferguson,Tyler,Tyler Ferguson
359,Justin Garza,621057,Garza,Justin,Garza,Justin,Justin Garza
360,Jacob Waguespack,621097,Waguespack,Jacob,Waguespack,Jacob,Jacob Waguespack
361,Walker Buehler,621111,Buehler,Walker,Buehler,Walker,Walker Buehler
362,Ryan Burr,621114,Burr,Ryan,Burr,Ryan,Ryan Burr
363,Brooks Kriske,621139,Kriske,Brooks,Kriske,Brooks,Brooks Kriske
364,Jose Alvarado,621237,Alvarado,Jose,Alvarado,José,José Alvarado
365,A.J. Minter,621345,Minter,A.J.,Minter,A.J.,A.J. Minter
366,Colin Poche,621363,Poche,Colin,Poche,Colin,Colin Poche
367,Ryan Borucki,621366,Borucki,Ryan,Borucki,Ryan,Ryan Borucki
368,Tanner Banks,621383,Banks,Tanner,Banks,Tanner,Tanner Banks
369,Brady Feigl,621399,Feigl,Brady,Feigl,Brady,Brady Feigl
370,Tyrone Taylor,621438,Taylor,Tyrone,Taylor,Tyrone,Tyrone Taylor
371,Edwin Rios,621458,Rios,Edwin,Ríos,Edwin,Edwin Ríos
372,Taylor Ward,621493,Ward,Taylor,Ward,Taylor,Taylor Ward
373,Tomas Nido,621512,Nido,Tomas,Nido,Tomás,Tomás Nido
374,Zach Remillard,621545,Remillard,Zach,,,
375,Alex Young,622065,Young,Alex,Young,Alex,Alex Young
376,Yency Almonte,622075,Almonte,Yency,Almonte,Yency,Yency Almonte
377,Tejay Antone,622088,Antone,Tejay,Antone,Tejay,Tejay Antone
378,Drew Smith,622098,Smith,Drew,Smith,Drew,Drew Smith
379,Josh Sborz,622250,Sborz,Josh,Sborz,Josh,Josh Sborz
380,Josh Staumont,622251,Staumont,Josh,Staumont,Josh,Josh Staumont
381,Dillon Tate,622253,Tate,Dillon,Tate,Dillon,Dillon Tate
382,Patrick Weigel,622256,Weigel,Patrick,Weigel,Patrick,Patrick Weigel
383,Donovan Walton,622268,Walton,Donovan,Walton,Donovan,Donovan Walton
384,Luis F. Castillo,622379,Castillo,Luis F.,Castillo,Luis F.,Luis F. Castillo
385,Nabil Crismatt,622503,Crismatt,Nabil,Crismatt,Nabil,Nabil Crismatt
386,Seranthony Dominguez,622554,Dominguez,Seranthony,Domínguez,Seranthony,Seranthony Domínguez
387,Pablo Reyes,622569,Reyes,Pablo,Reyes,Pablo,Pablo Reyes
388,Miguel Diaz,622766,Diaz,Miguel,Díaz,Miguel,Miguel Díaz
389,Angel Perdomo,622780,Perdomo,Angel,Perdomo,Angel,Angel Perdomo
390,Jesus Tinoco,622786,Tinoco,Jesus,Tinoco,Jesus,Jesús Tinoco
391,Andrew Velazquez,623205,Velazquez,Andrew,Velazquez,Andrew,Andrew Velazquez
392,Huascar Brazoban,623211,Brazoban,Huascar,Brazobán,Huascar,Huascar Brazobán
393,Thomas Pannone,623381,Pannone,Thomas,Pannone,Thomas,Thomas Pannone
394,Nick Anderson,623433,Anderson,Nick,Anderson,Nick,Nick Anderson
395,Justin Topa,623437,Topa,Justin,Topa,Justin,Justin Topa
396,Evan Phillips,623465,Phillips,Evan,Phillips,Evan,Evan Phillips
397,Jimmy Herget,623474,Herget,Jimmy,Herget,Jimmy,Jimmy Herget
398,Josh Lester,623507,Lester,Josh,,,
399,David Bote,623520,Bote,David,Bote,David,David Bote
400,Anthony Santander,623993,Santander,Anthony,Santander,Anthony,Anthony Santander
401,Ranger Suarez,624133,Suarez,Ranger,Suárez,Ranger,Ranger Suárez
402,Pete Alonso,624413,Alonso,Pete,Alonso,Pete,Pete Alonso
403,Cavan Biggio,624415,Biggio,Cavan,Biggio,Cavan,Cavan Biggio
404,Jose Trevino,624431,Trevino,Jose,Trevino,Jose,Jose Trevino
405,Nick Gordon,624503,Gordon,Nick,Gordon,Nick,Nick Gordon
406,Keegan Thompson,624522,Thompson,Keegan,Thompson,Keegan,Keegan Thompson
407,Riley Unroe,624523,Unroe,Riley,Unroe,Riley,
408,Edmundo Sosa,624641,Sosa,Edmundo,Sosa,Edmundo,Edmundo Sosa
409,Victor Gonzalez,624647,Gonzalez,Victor,González,Victor,Victor González
410,Erick Mejia,625510,Mejia,Erick,Mejia,Erick,Erick Mejia
411,Andy Ibanez,628451,Ibanez,Andy,Ibáñez,Andy,Andy Ibáñez
412,Jake Cronenworth,630105,Cronenworth,Jake,Cronenworth,Jake,Jake Cronenworth
413,Wil Crowe,640444,Crowe,Wil,Crowe,Wil,Wil Crowe
414,Kyle Finnegan,640448,Finnegan,Kyle,Finnegan,Kyle,Kyle Finnegan
415,Hunter Harvey,640451,Harvey,Hunter,Harvey,Hunter,Hunter Harvey
416,Matt Krook,640454,Krook,Matt,Krook,Matt,Matt Krook
417,Brian Navarreto,640459,Navarreto,Brian,Navarreto,Brian,Brian Navarreto
418,A.J. Puk,640462,Puk,A.J.,Puk,A.J.,A.J. Puk
419,Adbert Alzolay,640470,Alzolay,Adbert,Alzolay,Adbert,Adbert Alzolay
420,Jose Azocar,640492,Azocar,Jose,Azocar,José,José Azócar
421,Jhonny Pereda,640902,Pereda,Jhonny,Pereda,Jhonny,Jhonny Pereda
422,Pablo Lopez,641154,Lopez,Pablo,López,Pablo,Pablo López
423,Tyler Alexander,641302,Alexander,Tyler,Alexander,Tyler,Tyler Alexander
424,Shaun Anderson,641312,Anderson,Shaun,Anderson,Shaun,Shaun Anderson
425,Bryan Baker,641329,Baker,Bryan,Baker,Bryan,Bryan Baker
426,Jake Bauers,641343,Bauers,Jake,Bauers,Jake,Jake Bauers
427,Phil Bickford,641360,Bickford,Phil,Bickford,Phil,Phil Bickford
428,Ben Bowden,641386,Bowden,Ben,Bowden,Ben,Ben Bowden
429,Connor Brogdon,641401,Brogdon,Connor,Brogdon,Connor,Connor Brogdon
430,Alan Busenitz,641427,Busenitz,Alan,Busenitz,Alan,Alan Busenitz
431,Nestor Cortes,641482,Cortes,Nestor,Cortes,Nestor,Nestor Cortes
432,Jason Delay,641511,Delay,Jason,Delay,Jason,Jason Delay
433,Dane Dunning,641540,Dunning,Dane,Dunning,Dane,Dane Dunning
434,J.C. Escarra,641555,Escarra,J.C.,Escarra,J.C.,J.C. Escarra
435,Bernardo Flores Jr.,641576,Flores Jr.,Bernardo,Flores Jr.,Bernardo,Bernardo Flores Jr.
436,Matt Foster,641582,Foster,Matt,Foster,Matt,Matt Foster
437,Jake Fraley,641584,Fraley,Jake,Fraley,Jake,Jake Fraley
438,J.P. France,641585,France,J.P.,France,J.P.,J.P. France
439,Luis Guillorme,641645,Guillorme,Luis,Guillorme,Luis,Luis Guillorme
440,Ian Hamilton,641656,Hamilton,Ian,Hamilton,Ian,Ian Hamilton
441,Garrett Hampson,641658,Hampson,Garrett,Hampson,Garrett,Garrett Hampson
442,Thomas Hatch,641672,Hatch,Thomas,Hatch,Thomas,Thomas Hatch
443,Dakota Hudson,641712,Hudson,Dakota,Hudson,Dakota,Dakota Hudson
444,Rob Kaminsky,641739,Kaminsky,Rob,Kaminsky,Rob,Rob Kaminsky
445,Brad Keller,641745,Keller,Brad,Keller,Brad,Brad Keller
446,Tyler Kinley,641755,Kinley,Tyler,Kinley,Tyler,Tyler Kinley
447,Eric Lauer,641778,Lauer,Eric,Lauer,Eric,Eric Lauer
448,Charles Leblanc,641779,Leblanc,Charles,Leblanc,Charles,Charles Leblanc
449,Zack Littell,641793,Littell,Zack,Littell,Zack,Zack Littell
450,Tim Locastro,641796,Locastro,Tim,Locastro,Tim,Tim Locastro
451,Tyler Mahle,641816,Mahle,Tyler,Mahle,Tyler,Tyler Mahle
452,Tim Mayza,641835,Mayza,Tim,Mayza,Tim,Tim Mayza
453,Patrick Murphy,641907,Murphy,Patrick,Murphy,Patrick,Patrick Murphy
454,Bailey Ober,641927,Ober,Bailey,Ober,Bailey,Bailey Ober
455,Tyler O’Neill,641933,O’Neill,Tyler,O’Neill,Tyler,Tyler O’Neill
456,Emilio Pagan,641941,Pagan,Emilio,Pagán,Emilio,Emilio Pagán
457,Joshua Palacios,641943,Palacios,Joshua,,,
458,Daniel Robert,642016,Robert,Daniel,Robert,Daniel,Daniel Robert
459,Chuckie Robinson,642020,Robinson,Chuckie,Robinson,Chuckie,Chuckie Robinson
460,Tayler Saucedo,642048,Saucedo,Tayler,Saucedo,Tayler,Tayler Saucedo
461,Gabe Speier,642100,Speier,Gabe,Speier,Gabe,Gabe Speier
462,Cole Sulser,642121,Sulser,Cole,Sulser,Cole,Cole Sulser
463,Matt Thaiss,642136,Thaiss,Matt,Thaiss,Matt,Matt Thaiss
464,Lou Trivino,642152,Trivino,Lou,Trivino,Lou,Lou Trivino
465,Jamie Westbrook,642197,Westbrook,Jamie,Westbrook,Jamie,Jamie Westbrook
466,Eli White,642201,White,Eli,White,Eli,Eli White
467,Devin Williams,642207,Williams,Devin,Williams,Devin,Devin Williams
468,Weston Wilson,642215,Wilson,Weston,Wilson,Weston,Weston Wilson
469,Allan Winans,642216,Winans,Allan,Winans,Allan,Allan Winans
470,Ryan Yarbrough,642232,Yarbrough,Ryan,Yarbrough,Ryan,Ryan Yarbrough
471,Jose Siri,642350,Siri,Jose,Siri,Jose,Jose Siri
472,Gregory Soto,642397,Soto,Gregory,Soto,Gregory,Gregory Soto
473,Jonathan Loaisiga,642528,Loaisiga,Jonathan,Loáisiga,Jonathan,Jonathan Loáisiga
474,Jonathan Hernandez,642546,Hernandez,Jonathan,Hernández,Jonathan,Jonathan Hernández
475,Freddy Peralta,642547,Peralta,Freddy,Peralta,Freddy,Freddy Peralta
476,Gerson Moreno,642575,Moreno,Gerson,Moreno,Gerson,
477,Felix Bautista,642585,Bautista,Felix,Bautista,Félix,Félix Bautista
478,Dennis Santana,642701,Santana,Dennis,Santana,Dennis,Dennis Santana
479,Amed Rosario,642708,Rosario,Amed,Rosario,Amed,Amed Rosario
480,Willy Adames,642715,Adames,Willy,Adames,Willy,Willy Adames
481,Sergio Alcantara,642727,Alcantara,Sergio,Alcántara,Sergio,Sergio Alcántara
482,Thairo Estrada,642731,Estrada,Thairo,Estrada,Thairo,Thairo Estrada
483,Austin Wynns,642851,Wynns,Austin,Wynns,Austin,Austin Wynns
484,Mauricio Dubon,643289,Dubon,Mauricio,Dubón,Mauricio,Mauricio Dubón
485,Justin Dunn,643290,Dunn,Justin,Dunn,Justin,Justin Dunn
486,Kevin Herget,643361,Herget,Kevin,Herget,Kevin,Kevin Herget
487,Griffin Jax,643377,Jax,Griffin,Jax,Griffin,Griffin Jax
488,Isiah Kiner-Falefa,643396,Kiner-Falefa,Isiah,Kiner-Falefa,Isiah,Isiah Kiner-Falefa
489,Mark Leiter Jr.,643410,Leiter Jr.,Mark,Leiter Jr.,Mark,Mark Leiter Jr.
490,Jeff McNeil,643446,McNeil,Jeff,McNeil,Jeff,Jeff McNeil
491,Austin Pruitt,643493,Pruitt,Austin,Pruitt,Austin,Austin Pruitt
492,Tyler Rogers,643511,Rogers,Tyler,Rogers,Tyler,Tyler Rogers
493,Chadwick Tromp,644433,Tromp,Chadwick,Tromp,Chadwick,Chadwick Tromp
494,Sandy Alcantara,645261,Alcantara,Sandy,Alcantara,Sandy,Sandy Alcantara
495,Victor Robles,645302,Robles,Victor,Robles,Victor,Victor Robles
496,Ali Sanchez,645305,Sanchez,Ali,Sánchez,Ali,Alí Sánchez
497,Jose Herrera,645444,Herrera,Jose,Herrera,Jose,Jose Herrera
498,Mike Ford,645801,Ford,Mike,Ford,Mike,Mike Ford
499,Rafael Devers,646240,Devers,Rafael,Devers,Rafael,Rafael Devers
500,Jhonathan Diaz,646242,Diaz,Jhonathan,Díaz,Jhonathan,Jhonathan Díaz
501,Josh Naylor,647304,Naylor,Josh,Naylor,Josh,Josh Naylor
502,Zach Pop,647315,Pop,Zach,Pop,Zach,Zach Pop
503,Michael Soroka,647336,Soroka,Michael,Soroka,Michael,Michael Soroka
504,Abraham Toro,647351,Toro,Abraham,Toro,Abraham,Abraham Toro
505,Luis Urias,649966,Urias,Luis,Urías,Luis,Luis Urías
506,Luis Arraez,650333,Arraez,Luis,Arraez,Luis,Luis Arraez
507,Willi Castro,650489,Castro,Willi,Castro,Willi,Willi Castro
508,Yandy Diaz,650490,Diaz,Yandy,Díaz,Yandy,Yandy Díaz
509,Bryan Abreu,650556,Abreu,Bryan,Abreu,Bryan,Bryan Abreu
510,Bryan De La Cruz,650559,De La Cruz,Bryan,De La Cruz,Bryan,Bryan De La Cruz
511,Meibrys Viloria,650619,Viloria,Meibrys,,,
512,Michael King,650633,King,Michael,King,Michael,Michael King
513,Aaron Civale,650644,Civale,Aaron,Civale,Aaron,Aaron Civale
514,Jose Quijada,650671,Quijada,Jose,Quijada,José,José Quijada
515,Luis Rengifo,650859,Rengifo,Luis,Rengifo,Luis,Luis Rengifo
516,Genesis Cabrera,650893,Cabrera,Genesis,Cabrera,Génesis,Génesis Cabrera
517,Diego Castillo,650895,Castillo,Diego,Castillo,Diego,Diego Castillo
518,Rene Pinto,650907,Pinto,Rene,Pinto,René,René Pinto
519,Cristopher Sanchez,650911,Sanchez,Cristopher,Sánchez,Cristopher,Cristopher Sánchez
520,Daniel Duarte,650960,Duarte,Daniel,Duarte,Daniel,Daniel Duarte
521,Yohel Pozo,650968,Pozo,Yohel,Pozo,Yohel,Yohel Pozo
522,Andruw Monasterio,655316,Monasterio,Andruw,Monasterio,Andruw,Andruw Monasterio
523,Manuel Rodriguez,655889,Rodriguez,Manuel,Rodríguez,Manuel,Manuel Rodríguez
524,Carlos Perez,656024,Perez,Carlos,,,
525,Albert Abreu,656061,Abreu,Albert,Abreu,Albert,Albert Abreu
526,Riley Adams,656180,Adams,Riley,Adams,Riley,Riley Adams
527,Jalen Beeks,656222,Beeks,Jalen,Beeks,Jalen,Jalen Beeks
528,Brandon Bielak,656232,Bielak,Brandon,Bielak,Brandon,Brandon Bielak
529,Jake Bird,656234,Bird,Jake,Bird,Jake,Jake Bird
530,Scott Blewett,656240,Blewett,Scott,Blewett,Scott,Scott Blewett
531,Sean Bouchard,656248,Bouchard,Sean,Bouchard,Sean,Sean Bouchard
532,Jeff Brigham,656257,Brigham,Jeff,Brigham,Jeff,Jeff Brigham
533,J.B. Bukauskas,656266,Bukauskas,J.B.,Bukauskas,J.B.,JB Bukauskas
534,Brock Burke,656271,Burke,Brock,Burke,Brock,Brock Burke
535,Griffin Canning,656288,Canning,Griffin,Canning,Griffin,Griffin Canning
536,Dylan Cease,656302,Cease,Dylan,Cease,Dylan,Dylan Cease
537,Michael Chavis,656308,Chavis,Michael,Chavis,Michael,Michael Chavis
538,Austin Davis,656354,Davis,Austin,Davis,Austin,Austin Davis
539,Isan Diaz,656371,Diaz,Isan,Díaz,Isan,Isan Díaz
540,Tommy Doyle,656382,Doyle,Tommy,Doyle,Tommy,Tommy Doyle
541,Drew Ellis,656403,Ellis,Drew,Ellis,Drew,Drew Ellis
542,Alex Faedo,656412,Faedo,Alex,Faedo,Alex,Alex Faedo
543,Stuart Fairchild,656413,Fairchild,Stuart,Fairchild,Stuart,Stuart Fairchild
544,Jack Flaherty,656427,Flaherty,Jack,Flaherty,Jack,Jack Flaherty
545,Tyler Gilbert,656457,Gilbert,Tyler,Gilbert,Tyler,Tyler Gilbert
546,Lucas Gilbreath,656458,Gilbreath,Lucas,Gilbreath,Lucas,Lucas Gilbreath
547,Kevin Ginkel,656464,Ginkel,Kevin,Ginkel,Kevin,Kevin Ginkel
548,Tristan Gray,656484,Gray,Tristan,Gray,Tristan,Tristan Gray
549,Sam Hentges,656529,Hentges,Sam,Hentges,Sam,Sam Hentges
550,Derek Hill,656537,Hill,Derek,Hill,Derek,Derek Hill
551,Sam Hilliard,656541,Hilliard,Sam,Hilliard,Sam,Sam Hilliard
552,Rhys Hoskins,656555,Hoskins,Rhys,Hoskins,Rhys,Rhys Hoskins
553,Tanner Houck,656557,Houck,Tanner,Houck,Tanner,Tanner Houck
554,Alex Jackson,656577,Jackson,Alex,Jackson,Alex,Alex Jackson
555,Connor Joe,656582,Joe,Connor,Joe,Connor,Connor Joe
556,Mitch Keller,656605,Keller,Mitch,Keller,Mitch,Mitch Keller
557,Mark Kolozsvary,656627,Kolozsvary,Mark,Kolozsvary,Mark,Mark Kolozsvary
558,Michael Kopech,656629,Kopech,Michael,Kopech,Michael,Michael Kopech
559,Alex Lange,656638,Lange,Alex,Lange,Alex,Alex Lange
560,Jacob Latz,656641,Latz,Jacob,Latz,Jacob,Jacob Latz
561,Brock Lundquist,656668,Lundquist,Brock,Lundquist,Brock,
562,Jordan Luplow,656669,Luplow,Jordan,,,
563,Josh Maciejewski,656671,Maciejewski,Josh,Maciejewski,Josh,Josh Maciejewski
564,Corbin Martin,656686,Martin,Corbin,Martin,Corbin,Corbin Martin
565,Zach McKinstry,656716,McKinstry,Zach,McKinstry,Zach,Zach McKinstry
566,Trevor Megill,656730,Megill,Trevor,Megill,Trevor,Trevor Megill
567,Tylor Megill,656731,Megill,Tylor,Megill,Tylor,Tylor Megill
568,Bryce Montes De Oca,656755,Montes De Oca,Bryce,Montes De Oca,Bryce,Bryce Montes de Oca
569,Jordan Montgomery,656756,Montgomery,Jordan,Montgomery,Jordan,Jordan Montgomery
570,Cedric Mullins,656775,Mullins,Cedric,Mullins,Cedric,Cedric Mullins
571,Parker Mushinski,656786,Mushinski,Parker,Mushinski,Parker,Parker Mushinski
572,Ryan O’Hearn,656811,O’Hearn,Ryan,O’Hearn,Ryan,Ryan O’Hearn
573,Luis F. Ortiz,656814,Ortiz,Luis F.,Ortiz,Luis F.,Luis F. Ortiz
574,Connor Overton,656818,Overton,Connor,Overton,Connor,Connor Overton
575,Nicholas Padilla,656820,Padilla,Nicholas,Padilla,Nicholas,Nicholas Padilla
576,Michael Petersen,656848,Petersen,Michael,Petersen,Michael,Michael Petersen
577,David Peterson,656849,Peterson,David,Peterson,David,David Peterson
578,Drew Rasmussen,656876,Rasmussen,Drew,Rasmussen,Drew,Drew Rasmussen
579,Jakson Reetz,656883,Reetz,Jakson,Reetz,Jakson,Jakson Reetz
580,Sean Reid-Foley,656887,Reid-Foley,Sean,Reid-Foley,Sean,Sean Reid-Foley
581,Emmanuel Rivera,656896,Rivera,Emmanuel,Rivera,Emmanuel,Emmanuel Rivera
582,Jared Robinson,656904,Robinson,Jared,Robinson,Jared,
583,Ryder Ryan,656924,Ryan,Ryder,Ryan,Ryder,Ryder Ryan
584,Tanner Scott,656945,Scott,Tanner,Scott,Tanner,Tanner Scott
585,Pavin Smith,656976,Smith,Pavin,Smith,Pavin,Pavin Smith
586,Peter Solomon,656981,Solomon,Peter,Solomon,Peter,Peter Solomon
587,Bennett Sousa,656986,Sousa,Bennett,Sousa,Bennett,Bennett Sousa
588,Justin Steele,657006,Steele,Justin,Steele,Justin,Justin Steele
589,Trey Supak,657022,Supak,Trey,Supak,Trey,Trey Supak
590,Lane Thomas,657041,Thomas,Lane,Thomas,Lane,Lane Thomas
591,Ryan Thompson,657044,Thompson,Ryan,Thompson,Ryan,Ryan Thompson
592,Touki Toussaint,657053,Toussaint,Touki,Toussaint,Touki,Touki Toussaint
593,Alex Verdugo,657077,Verdugo,Alex,,,
594,Forrest Wall,657088,Wall,Forrest,Wall,Forrest,Forrest Wall
595,Jacob Webb,657097,Webb,Jacob,Webb,Jacob,Jacob Webb
596,Evan White,657108,White,Evan,White,Evan,Evan White
597,Connor Wong,657136,Wong,Connor,Wong,Connor,Connor Wong
598,Kyle Wright,657140,Wright,Kyle,Wright,Kyle,Kyle Wright
599,Eddy Alvarez,657193,Alvarez,Eddy,Alvarez,Eddy,Eddy Alvarez
600,Julian Merryweather,657240,Merryweather,Julian,Merryweather,Julian,Julian Merryweather
601,Brian O’Keefe,657247,O’Keefe,Brian,O’Keefe,Brian,Brian O’Keefe
602,Glenn Otto,657248,Otto,Glenn,Otto,Glenn,Glenn Otto
603,Peter Strzelecki,657265,Strzelecki,Peter,Strzelecki,Peter,Peter Strzelecki
604,Logan Webb,657277,Webb,Logan,Webb,Logan,Logan Webb
605,Clarke Schmidt,657376,Schmidt,Clarke,Schmidt,Clarke,Clarke Schmidt
606,Matt Gage,657424,Gage,Matt,Gage,Matt,Matt Gage
607,Brennan Bernardino,657514,Bernardino,Brennan,Bernardino,Brennan,Brennan Bernardino
608,Paul DeJong,657557,DeJong,Paul,DeJong,Paul,Paul DeJong
609,Caleb Ferguson,657571,Ferguson,Caleb,Ferguson,Caleb,Caleb Ferguson
610,Reed Garrett,657585,Garrett,Reed,Garrett,Reed,Reed Garrett
611,Tim Hill,657612,Hill,Tim,Hill,Tim,Tim Hill
612,Jared Koenig,657649,Koenig,Jared,Koenig,Jared,Jared Koenig
613,Ramon Laureano,657656,Laureano,Ramon,Laureano,Ramón,Ramón Laureano
614,Vinny Nittoli,657697,Nittoli,Vinny,Nittoli,Vinny,Vinny Nittoli
615,Antonio Nunez,657701,Nunez,Antonio,Nunez,Antonio,
616,Michael Papierski,657709,Papierski,Michael,Papierski,Michael,Michael Papierski
617,Joe Ryan,657746,Ryan,Joe,Ryan,Joe,Joe Ryan
618,Gavin Sheets,657757,Sheets,Gavin,Sheets,Gavin,Gavin Sheets
619,Eric Stout,657770,Stout,Eric,Stout,Eric,Eric Stout
620,Adonis Medina,658431,Medina,Adonis,Medina,Adonis,Adonis Medina
621,Junior Fernandez,658551,Fernandez,Junior,Fernández,Junior,Junior Fernández
622,Pedro Avila,658648,Avila,Pedro,Avila,Pedro,Pedro Avila
623,Shohei Ohtani,660271,Ohtani,Shohei,Ohtani,Shohei,Shohei Ohtani
624,Enoli Paredes,660600,Paredes,Enoli,Paredes,Enoli,Enoli Paredes
625,Ronaldo Hernandez,660613,Hernandez,Ronaldo,Hernández,Ronaldo,Ronaldo Hernández
626,Huascar Ynoa,660623,Ynoa,Huascar,Ynoa,Huascar,Huascar Ynoa
627,Yonny Hernandez,660634,Hernandez,Yonny,Hernandez,Yonny,Yonny Hernández
628,Diego Castillo,660636,Castillo,Diego,Castillo,Diego,Diego Castillo
629,Vidal Brujan,660644,Brujan,Vidal,Bruján,Vidal,Vidal Bruján
630,Ronald Acuna Jr.,660670,Acuna Jr.,Ronald,Acuna Jr.,Ronald,Ronald Acuña Jr.
631,Keibert Ruiz,660688,Ruiz,Keibert,Ruiz,Keibert,Keibert Ruiz
632,Elvin Rodriguez,660730,Rodriguez,Elvin,Rodríguez,Elvin,Elvin Rodríguez
633,Jose Suarez,660761,Suarez,Jose,Suarez,José,José Suarez
634,Juan Yepez,660766,Yepez,Juan,Yepez,Juan,Juan Yepez
635,Yerry De los Santos,660787,De los Santos,Yerry,De los Santos,Yerry,Yerry De Los Santos
636,Brusdar Graterol,660813,Graterol,Brusdar,Graterol,Brusdar,Brusdar Graterol
637,Jesus Sanchez,660821,Sanchez,Jesus,Sánchez,Jesús,Jesús Sánchez
638,Eduard Bazardo,660825,Bazardo,Eduard,Bazardo,Eduard,Eduard Bazardo
639,Hoy Park,660829,Park,Hoy,Park,Hoy,Hoy Park
640,Leo Rivas,660844,Rivas,Leo,Rivas,Leo,Leo Rivas
641,Enyel De Los Santos,660853,De Los Santos,Enyel,De Los Santos,Enyel,Enyel De Los Santos
642,Jorge Alcala,660896,Alcala,Jorge,Alcala,Jorge,Jorge Alcala
643,Francisco Perez,660906,Perez,Francisco,Pérez,Francisco,Francisco Pérez
644,Adrian Martinez,661309,Martinez,Adrian,Martínez,Adrián,Adrián Martínez
645,Oliver Ortega,661383,Ortega,Oliver,Ortega,Oliver,Oliver Ortega
646,William Contreras,661388,Contreras,William,Contreras,William,William Contreras
647,Jhoan Duran,661395,Duran,Jhoan,Duran,Jhoan,Jhoan Duran
648,Emmanuel Clase,661403,Clase,Emmanuel,Clase,Emmanuel,Emmanuel Clase
649,Seth Martinez,661527,Martinez,Seth,Martinez,Seth,Seth Martinez
650,Brian Serven,661531,Serven,Brian,Serven,Brian,Brian Serven
651,Luis Gil,661563,Gil,Luis,Gil,Luis,Luis Gil
652,Daulton Varsho,662139,Varsho,Daulton,Varsho,Daulton,Daulton Varsho
653,Andres Munoz,662253,Munoz,Andres,Muñoz,Andrés,Andrés Muñoz
654,Robert Suarez,663158,Suarez,Robert,Suarez,Robert,Robert Suarez
655,Nick Hernandez,663321,Hernandez,Nick,Hernandez,Nick,Nick Hernandez
656,Jahmai Jones,663330,Jones,Jahmai,Jones,Jahmai,Jahmai Jones
657,Matt Waldron,663362,Waldron,Matt,Waldron,Matt,Matt Waldron
658,Blake Perkins,663368,Perkins,Blake,Perkins,Blake,Blake Perkins
659,Ryan Feltner,663372,Feltner,Ryan,Feltner,Ryan,Ryan Feltner
660,Thomas Szapucki,663378,Szapucki,Thomas,Szapucki,Thomas,Thomas Szapucki
661,Trent Thornton,663423,Thornton,Trent,Thornton,Trent,Trent Thornton
662,Tanner Rainey,663432,Rainey,Tanner,Rainey,Tanner,Tanner Rainey
663,Davis Martin,663436,Martin,Davis,Martin,Davis,Davis Martin
664,Konnor Pilkington,663455,Pilkington,Konnor,Pilkington,Konnor,Konnor Pilkington
665,Lars Nootbaar,663457,Nootbaar,Lars,Nootbaar,Lars,Lars Nootbaar
666,Kris Bubic,663460,Bubic,Kris,Bubic,Kris,Kris Bubic
667,Isaiah Campbell,663462,Campbell,Isaiah,Campbell,Isaiah,Isaiah Campbell
668,Kolby Allard,663465,Allard,Kolby,Allard,Kolby,Kolby Allard
669,Cole Sands,663485,Sands,Cole,Sands,Cole,Cole Sands
670,Ben Leeper,663510,Leeper,Ben,Leeper,Ben,
671,Tristin English,663536,English,Tristin,English,Tristin,Tristin English
672,Nico Hoerner,663538,Hoerner,Nico,Hoerner,Nico,Nico Hoerner
673,Bryan Hudson,663542,Hudson,Bryan,Hudson,Bryan,Bryan Hudson
674,Sean Hjelle,663546,Hjelle,Sean,Hjelle,Sean,Sean Hjelle
675,Casey Mize,663554,Mize,Casey,Mize,Casey,Casey Mize
676,Shane McClanahan,663556,McClanahan,Shane,McClanahan,Shane,Shane McClanahan
677,Jovani Moran,663558,Moran,Jovani,Moran,Jovani,Jovani Moran
678,Bailey Falter,663559,Falter,Bailey,Falter,Bailey,Bailey Falter
679,Noah Davis,663562,Davis,Noah,Davis,Noah,Noah Davis
680,Stephen Kolek,663568,Kolek,Stephen,Kolek,Stephen,Stephen Kolek
681,Tony Santillan,663574,Santillan,Tony,Santillan,Tony,Tony Santillan
682,Hayden Senger,663584,Senger,Hayden,Senger,Hayden,Hayden Senger
683,Austin Riley,663586,Riley,Austin,Riley,Austin,Austin Riley
684,Brandon Lockridge,663604,Lockridge,Brandon,Lockridge,Brandon,Brandon Lockridge
685,Luken Baker,663609,Baker,Luken,,,
686,Nick Madrigal,663611,Madrigal,Nick,Madrigal,Nick,Nick Madrigal
687,Trevor Larnach,663616,Larnach,Trevor,Larnach,Trevor,Trevor Larnach
688,Jake Irvin,663623,Irvin,Jake,Irvin,Jake,Jake Irvin
689,Ryan Mountcastle,663624,Mountcastle,Ryan,Mountcastle,Ryan,Ryan Mountcastle
690,Ethan Small,663629,Small,Ethan,Small,Ethan,Ethan Small
691,Ke’Bryan Hayes,663647,Hayes,Ke’Bryan,Hayes,Ke’Bryan,Ke’Bryan Hayes
692,Kyle Tucker,663656,Tucker,Kyle,Tucker,Kyle,Kyle Tucker
693,Thaddeus Ward,663658,Ward,Thaddeus,Ward,Thaddeus,Thaddeus Ward
694,Daz Cameron,663662,Cameron,Daz,Cameron,Daz,Daz Cameron
695,Nic Enright,663671,Enright,Nic,Enright,Nic,Nic Enright
696,Hogan Harris,663687,Harris,Hogan,Harris,Hogan,Hogan Harris
697,Jonathan India,663697,India,Jonathan,India,Jonathan,Jonathan India
698,Joey Bart,663698,Bart,Joey,Bart,Joey,Joey Bart
699,James McArthur,663704,McArthur,James,McArthur,James,James McArthur
700,Matthew Kroon,663714,Kroon,Matthew,Kroon,Matthew,
701,Cal Raleigh,663728,Raleigh,Cal,Raleigh,Cal,Cal Raleigh
702,Connor Kaiser,663731,Kaiser,Connor,Kaiser,Connor,Connor Kaiser
703,Daniel Lynch IV,663738,Lynch IV,Daniel,Lynch IV,Daniel,Daniel Lynch IV
704,Nick Fortes,663743,Fortes,Nick,Fortes,Nick,Nick Fortes
705,Reiss Knehr,663753,Knehr,Reiss,Knehr,Reiss,Reiss Knehr
706,Trent Grisham,663757,Grisham,Trent,Grisham,Trent,Trent Grisham
707,Jake Woodford,663765,Woodford,Jake,Woodford,Jake,Jake Woodford
708,Chase Shugart,663767,Shugart,Chase,Shugart,Chase,Chase Shugart
709,Bryan Hoeing,663773,Hoeing,Bryan,Hoeing,Bryan,Bryan Hoeing
710,Patrick Sandoval,663776,Sandoval,Patrick,Sandoval,Patrick,Patrick Sandoval
711,Coco Montes,663796,Montes,Coco,Montes,Coco,Coco Montes
712,Jackson Kowar,663804,Kowar,Jackson,Kowar,Jackson,Jackson Kowar
713,Matt Vierling,663837,Vierling,Matt,Vierling,Matt,Matt Vierling
714,Alfonso Rivas III,663845,Rivas III,Alfonso,Rivas III,Alfonso,Alfonso Rivas
715,Romy Gonzalez,663853,Gonzalez,Romy,Gonzalez,Romy,Romy González
716,Jordan Hicks,663855,Hicks,Jordan,Hicks,Jordan,Jordan Hicks
717,Nate Pearson,663878,Pearson,Nate,Pearson,Nate,Nate Pearson
718,Tyler Stephenson,663886,Stephenson,Tyler,Stephenson,Tyler,Tyler Stephenson
719,Brendon Little,663893,Little,Brendon,Little,Brendon,Brendon Little
720,Luke Williams,663897,Williams,Luke,Williams,Luke,Luke Williams
721,Brendan Rodgers,663898,Rodgers,Brendan,Rodgers,Brendan,Brendan Rodgers
722,Brady Singer,663903,Singer,Brady,Singer,Brady,Brady Singer
723,Travis Blankenhorn,663905,Blankenhorn,Travis,Blankenhorn,Travis,Travis Blankenhorn
724,Tristan Beck,663941,Beck,Tristan,Beck,Tristan,Tristan Beck
725,Tyler Holton,663947,Holton,Tyler,Holton,Tyler,Tyler Holton
726,Tyler Ivey,663959,Ivey,Tyler,Ivey,Tyler,Tyler Ivey
727,Cesar Salazar,663967,Salazar,Cesar,Salazar,César,César Salazar
728,Jake Mangum,663968,Mangum,Jake,Mangum,Jake,Jake Mangum
729,Tyler Phillips,663969,Phillips,Tyler,Phillips,Tyler,Tyler Phillips
730,Blair Calvo,663971,Calvo,Blair,Calvo,Blair,Blair Calvo
731,Chris Paddack,663978,Paddack,Chris,Paddack,Chris,Chris Paddack
732,Trevor Stephan,663986,Stephan,Trevor,Stephan,Trevor,Trevor Stephan
733,Nick Vespi,663989,Vespi,Nick,Vespi,Nick,Nick Vespi
734,Richard Lovelady,663992,Lovelady,Richard,Lovelady,Richard,Richard Lovelady
735,Nathaniel Lowe,663993,Lowe,Nathaniel,Lowe,Nathaniel,Nathaniel Lowe
736,Ian Happ,664023,Happ,Ian,Happ,Ian,Ian Happ
737,Ty France,664034,France,Ty,France,Ty,Ty France
738,Brandon Lowe,664040,Lowe,Brandon,Lowe,Brandon,Brandon Lowe
739,Travis Lakins Sr.,664042,Lakins Sr.,Travis,Lakins Sr.,Travis,Travis Lakins Sr.
740,Cody Stashak,664054,Stashak,Cody,Stashak,Cody,Cody Stashak
741,Harrison Bader,664056,Bader,Harrison,Bader,Harrison,Harrison Bader
742,Andrew Stevenson,664057,Stevenson,Andrew,Stevenson,Andrew,Andrew Stevenson
743,David Fletcher,664058,Fletcher,David,Fletcher,David,David Fletcher
744,Sam Haggerty,664059,Haggerty,Sam,Haggerty,Sam,Sam Haggerty
745,Tony Gonsolin,664062,Gonsolin,Tony,Gonsolin,Tony,Tony Gonsolin
746,Scott Kingery,664068,Kingery,Scott,Kingery,Scott,Scott Kingery
747,Garrett Cleavinger,664076,Cleavinger,Garrett,Cleavinger,Garrett,Garrett Cleavinger
748,Tyler Jay,664079,Jay,Tyler,Jay,Tyler,Tyler Jay
749,Sean Poppen,664092,Poppen,Sean,Poppen,Sean,Sean Poppen
750,Scott Effross,664123,Effross,Scott,Effross,Scott,Scott Effross
751,Pete Fairbanks,664126,Fairbanks,Pete,Fairbanks,Pete,Pete Fairbanks
752,Geoff Hartlieb,664129,Hartlieb,Geoff,Hartlieb,Geoff,Geoff Hartlieb
753,Ian Gibaut,664139,Gibaut,Ian,Gibaut,Ian,Ian Gibaut
754,Joey Lucchesi,664192,Lucchesi,Joey,Lucchesi,Joey,Joey Lucchesi
755,Taylor Clarke,664199,Clarke,Taylor,Clarke,Taylor,Taylor Clarke
756,Phil Maton,664208,Maton,Phil,Maton,Phil,Phil Maton
757,Dylan Moore,664238,Moore,Dylan,Moore,Dylan,Dylan Moore
758,Framber Valdez,664285,Valdez,Framber,Valdez,Framber,Framber Valdez
759,Dauri Moreta,664294,Moreta,Dauri,Moreta,Dauri,Dauri Moreta
760,Cristian Javier,664299,Javier,Cristian,Javier,Cristian,Cristian Javier
761,Luis Contreras,664351,Contreras,Luis,Contreras,Luis,Luis Contreras
762,Jose Urquidy,664353,Urquidy,Jose,Urquidy,José,José Urquidy
763,Alejo Lopez,664670,Lopez,Alejo,Lopez,Alejo,Alejo Lopez
764,Myles Straw,664702,Straw,Myles,Straw,Myles,Myles Straw
765,Kyle Isbel,664728,Isbel,Kyle,Isbel,Kyle,Kyle Isbel
766,P.J. Higgins,664731,Higgins,P.J.,Higgins,P.J.,P.J. Higgins
767,Jose Espada,664744,Espada,Jose,Espada,Jose,Jose Espada
768,Alexis Diaz,664747,Diaz,Alexis,Díaz,Alexis,Alexis Díaz
769,Alec Bohm,664761,Bohm,Alec,Bohm,Alec,Alec Bohm
770,Jake Cousins,664776,Cousins,Jake,Cousins,Jake,Jake Cousins
771,Danny Young,664849,Young,Danny,Young,Danny,Danny Young
772,Jay Flaa,664852,Flaa,Jay,Flaa,Jay,Jay Flaa
773,Ryan Helsley,664854,Helsley,Ryan,Helsley,Ryan,Ryan Helsley
774,Seby Zavala,664874,Zavala,Seby,Zavala,Seby,Seby Zavala
775,Justin Lawrence,664875,Lawrence,Justin,Lawrence,Justin,Justin Lawrence
776,Seth Brown,664913,Brown,Seth,Brown,Seth,Seth Brown
777,Nick Dini,664926,Dini,Nick,,,
778,Anthony Misiewicz,664948,Misiewicz,Anthony,Misiewicz,Anthony,Anthony Misiewicz
779,Brett Sullivan,664954,Sullivan,Brett,Sullivan,Brett,Brett Sullivan
780,Jake McCarthy,664983,McCarthy,Jake,McCarthy,Jake,Jake McCarthy
781,Trevor Kelley,665001,Kelley,Trevor,Kelley,Trevor,Trevor Kelley
782,Kody Clemens,665019,Clemens,Kody,Clemens,Kody,Kody Clemens
783,Hobie Harris,665048,Harris,Hobie,Harris,Hobie,Hobie Harris
784,Griffin Conine,665052,Conine,Griffin,Conine,Griffin,Griffin Conine
785,Dean Kremer,665152,Kremer,Dean,Kremer,Dean,Dean Kremer
786,Nick Maton,665155,Maton,Nick,Maton,Nick,Nick Maton
787,Jeremy Pena,665161,Pena,Jeremy,Peña,Jeremy,Jeremy Peña
788,Gilberto Celestino,665482,Celestino,Gilberto,Celestino,Gilberto,Gilberto Celestino
789,Fernando Tatis Jr.,665487,Tatis Jr.,Fernando,Tatis Jr.,Fernando,Fernando Tatis Jr.
790,Vladimir Guerrero Jr.,665489,Guerrero Jr.,Vladimir,Guerrero Jr.,Vladimir,Vladimir Guerrero Jr.
791,Cristian Pache,665506,Pache,Cristian,Pache,Cristian,Cristian Pache
792,Rafael Marchan,665561,Marchan,Rafael,Marchán,Rafael,Rafael Marchán
793,Deivi Garcia,665620,Garcia,Deivi,García,Deivi,Deivi García
794,Luis Medina,665622,Medina,Luis,Medina,Luis,Luis Medina
795,Elvis Peguero,665625,Peguero,Elvis,Peguero,Elvis,Elvis Peguero
796,Kervin Castro,665645,Castro,Kervin,Castro,Kervin,Kervin Castro
797,Reiver Sanmartin,665665,Sanmartin,Reiver,Sanmartin,Reiver,Reiver Sanmartin
798,Antonio Santos,665733,Santos,Antonio,Santos,Antonio,Antonio Santos
799,Angel Felipe,665734,Felipe,Angel,Felipe,Angel,Angel Felipe
800,Juan Soto,665742,Soto,Juan,Soto,Juan,Juan Soto
801,Leody Taveras,665750,Taveras,Leody,Taveras,Leody,Leody Taveras
802,Luis De Los Santos,665782,De Los Santos,Luis,De Los Santos,Luis,Luis De Los Santos
803,Edward Cabrera,665795,Cabrera,Edward,Cabrera,Edward,Edward Cabrera
804,Miguel Amaya,665804,Amaya,Miguel,Amaya,Miguel,Miguel Amaya
805,Oswaldo Cabrera,665828,Cabrera,Oswaldo,Cabrera,Oswaldo,Oswaldo Cabrera
806,Oneil Cruz,665833,Cruz,Oneil,Cruz,Oneil,Oneil Cruz
807,Enmanuel Valdez,665839,Valdez,Enmanuel,Valdez,Enmanuel,Enmanuel Valdez
808,Jair Camargo,665856,Camargo,Jair,,,
809,Sebastian Rivero,665861,Rivero,Sebastian,Rivero,Sebastián,Sebastian Rivero
810,Jazz Chisholm Jr.,665862,Chisholm Jr.,Jazz,Chisholm Jr.,Jazz,Jazz Chisholm Jr.
811,Javier Assad,665871,Assad,Javier,Assad,Javier,Javier Assad
812,Jose Fermin,665877,Fermin,Jose,Fermín,José,José Fermín
813,Seuly Matias,665890,Matias,Seuly,Matias,Seuly,
814,Jose Marte,665896,Marte,Jose,Marte,José,José Marte
815,Esteury Ruiz,665923,Ruiz,Esteury,Ruiz,Esteury,Esteury Ruiz
816,Andres Gimenez,665926,Gimenez,Andres,Giménez,Andrés,Andrés Giménez
817,Andres Chaparro,665953,Chaparro,Andres,Chaparro,Andrés,Andrés Chaparro
818,Carlos Narvaez,665966,Narvaez,Carlos,Narváez,Carlos,Carlos Narváez
819,Lolo Sanchez,665975,Sanchez,Lolo,Sánchez,Lolo,
820,Leonel Valera,665987,Valera,Leonel,Valera,Leonel,
821,Jonathan Aranda,666018,Aranda,Jonathan,Aranda,Jonathan,Jonathan Aranda
822,Freddy Fermin,666023,Fermin,Freddy,Fermin,Freddy,Freddy Fermin
823,Ian Anderson,666120,Anderson,Ian,Anderson,Ian,Ian Anderson
824,Tyler Baum,666121,Baum,Tyler,Baum,Tyler,
825,Carlos Cortes,666126,Cortes,Carlos,Cortes,Carlos,Carlos Cortes
826,Braxton Garrett,666129,Garrett,Braxton,Garrett,Braxton,Braxton Garrett
827,Nolan Jones,666134,Jones,Nolan,Jones,Nolan,Nolan Jones
828,Josh Lowe,666139,Lowe,Josh,Lowe,Josh,Josh Lowe
829,Cole Ragans,666142,Ragans,Cole,Ragans,Cole,Cole Ragans
830,Tyler Fitzgerald,666149,Fitzgerald,Tyler,Fitzgerald,Tyler,Tyler Fitzgerald
831,Dominic Fletcher,666150,Fletcher,Dominic,Fletcher,Dominic,Dominic Fletcher
832,David Hamilton,666152,Hamilton,David,Hamilton,David,David Hamilton
833,Karl Kauffmann,666154,Kauffmann,Karl,Kauffmann,Karl,Karl Kauffmann
834,Nick Lodolo,666157,Lodolo,Nick,Lodolo,Nick,Nick Lodolo
835,Gavin Lux,666158,Lux,Gavin,Lux,Gavin,Gavin Lux
836,Matt Manning,666159,Manning,Matt,Manning,Matt,Matt Manning
837,Mickey Moniak,666160,Moniak,Mickey,Moniak,Mickey,Mickey Moniak
838,Ben Rortvedt,666163,Rortvedt,Ben,Rortvedt,Ben,Ben Rortvedt
839,Blake Rutherford,666164,Rutherford,Blake,,,
840,Blake Sabol,666165,Sabol,Blake,Sabol,Blake,Blake Sabol
841,Mason Thompson,666168,Thompson,Mason,Thompson,Mason,Mason Thompson
842,Ryan Zeferjahn,666171,Zeferjahn,Ryan,Zeferjahn,Ryan,Ryan Zeferjahn
843,Jo Adell,666176,Adell,Jo,Adell,Jo,Jo Adell
844,Seth Beer,666179,Beer,Seth,Beer,Seth,Seth Beer
845,Will Benson,666181,Benson,Will,Benson,Will,Will Benson
846,Bo Bichette,666182,Bichette,Bo,Bichette,Bo,Bo Bichette
847,Hunter Bishop,666183,Bishop,Hunter,Bishop,Hunter,
848,Dylan Carlson,666185,Carlson,Dylan,Carlson,Dylan,Dylan Carlson
849,Carter Kieboom,666198,Kieboom,Carter,Kieboom,Carter,Carter Kieboom
850,Jesus Luzardo,666200,Luzardo,Jesus,Luzardo,Jesús,Jesús Luzardo
851,Alek Manoah,666201,Manoah,Alek,Manoah,Alek,Alek Manoah
852,Riley Pint,666207,Pint,Riley,Pint,Riley,Riley Pint
853,Alex Speas,666208,Speas,Alex,Speas,Alex,Alex Speas
854,Taylor Trammell,666211,Trammell,Taylor,Trammell,Taylor,Taylor Trammell
855,Joey Wentz,666214,Wentz,Joey,Wentz,Joey,Joey Wentz
856,Forrest Whitley,666215,Whitley,Forrest,Whitley,Forrest,Forrest Whitley
857,George Soriano,666277,Soriano,George,Soriano,George,George Soriano
858,Bo Naylor,666310,Naylor,Bo,Naylor,Bo,Bo Naylor
859,Jordan Balazovic,666364,Balazovic,Jordan,Balazovic,Jordan,Jordan Balazovic
860,Matt Brash,666374,Brash,Matt,Brash,Matt,Matt Brash
861,Edouard Julien,666397,Julien,Edouard,Julien,Edouard,Edouard Julien
862,Jerar Encarnacion,666464,Encarnacion,Jerar,Encarnacion,Jerar,Jerar Encarnación
863,Gregory Santos,666619,Santos,Gregory,Santos,Gregory,Gregory Santos
864,Christopher Morel,666624,Morel,Christopher,Morel,Christopher,Christopher Morel
865,Yonathan Perlaza,666632,Perlaza,Yonathan,Perlaza,Yonathan,
866,Eguy Rosario,666703,Rosario,Eguy,Rosario,Eguy,Eguy Rosario
867,Max Castillo,666721,Castillo,Max,Castillo,Max,Max Castillo
868,Jhony Brito,666745,Brito,Jhony,Brito,Jhony,Jhony Brito
869,Rodolfo Castro,666801,Castro,Rodolfo,Castro,Rodolfo,Rodolfo Castro
870,Camilo Doval,666808,Doval,Camilo,Doval,Camilo,Camilo Doval
871,Bobby Dalbec,666915,Dalbec,Bobby,Dalbec,Bobby,Bobby Dalbec
872,Jared Oliva,666931,Oliva,Jared,Oliva,Jared,Jared Oliva
873,Adolis Garcia,666969,Garcia,Adolis,García,Adolis,Adolis García
874,Lourdes Gurriel Jr.,666971,Gurriel Jr.,Lourdes,Gurriel Jr.,Lourdes,Lourdes Gurriel Jr.
875,Yennier Cano,666974,Cano,Yennier,Cano,Yennier,Yennier Cano
876,Tommy Nance,667297,Nance,Tommy,Nance,Tommy,Tommy Nance
877,Bryan Mata,667356,Mata,Bryan,Mata,Bryan,Bryan Mata
878,Zach Jackson,667427,Jackson,Zach,Jackson,Zach,Zach Jackson
879,Marshall Kasowski,667445,Kasowski,Marshall,Kasowski,Marshall,
880,Corey Julks,667452,Julks,Corey,Julks,Corey,Corey Julks
881,John King,667463,King,John,King,John,John King
882,Dane Myers,667472,Myers,Dane,Myers,Dane,Dane Myers
883,Evan Kravetz,667478,Kravetz,Evan,Kravetz,Evan,Evan Kravetz
884,Robert Dugger,667498,Dugger,Robert,Dugger,Robert,Robert Dugger
885,Brent Rooker,667670,Rooker,Brent,Rooker,Brent,Brent Rooker
886,Kyle Tyler,667725,Tyler,Kyle,Tyler,Kyle,Kyle Tyler
887,Jose Soriano,667755,Soriano,Jose,Soriano,José,José Soriano
888,Randy Arozarena,668227,Arozarena,Randy,Arozarena,Randy,Randy Arozarena
889,Tyson Miller,668338,Miller,Tyson,Miller,Tyson,Tyson Miller
890,Cole Winn,668390,Winn,Cole,Winn,Cole,Cole Winn
891,Hagen Danner,668470,Danner,Hagen,Danner,Hagen,Hagen Danner
892,Nick Pratto,668472,Pratto,Nick,Pratto,Nick,Nick Pratto
893,Tres Barrera,668663,Barrera,Tres,Barrera,Tres,Tres Barrera
894,Stephen Nogosek,668665,Nogosek,Stephen,Nogosek,Stephen,Stephen Nogosek
895,Jake Rogers,668670,Rogers,Jake,Rogers,Jake,Jake Rogers
896,Lucas Erceg,668674,Erceg,Lucas,Erceg,Lucas,Lucas Erceg
897,Zach Plesac,668676,Plesac,Zach,Plesac,Zach,Zach Plesac
898,Zac Gallen,668678,Gallen,Zac,Gallen,Zac,Zac Gallen
899,JJ Bleday,668709,Bleday,JJ,Bleday,JJ,JJ Bleday
900,Spencer Steer,668715,Steer,Spencer,Steer,Spencer,Spencer Steer
901,Noah Murdock,668716,Murdock,Noah,Murdock,Noah,Noah Murdock
902,Payton Henry,668721,Henry,Payton,Henry,Payton,Payton Henry
903,Ryan Vilade,668723,Vilade,Ryan,Vilade,Ryan,Ryan Vilade
904,Akil Baddoo,668731,Baddoo,Akil,Baddoo,Akil,Akil Baddoo
905,Calvin Mitchell,668751,Mitchell,Calvin,,,
906,Duke Ellis,668752,Ellis,Duke,Ellis,Duke,Duke Ellis
907,Colin Peluse,668761,Peluse,Colin,Peluse,Colin,
908,Dylan File,668766,File,Dylan,File,Dylan,Dylan File
909,Andrew Knizner,668800,Knizner,Andrew,Knizner,Andrew,Andrew Knizner
910,Bryan Reynolds,668804,Reynolds,Bryan,Reynolds,Bryan,Bryan Reynolds
911,Max Kranick,668820,Kranick,Max,Kranick,Max,Max Kranick
912,Kyle McCann,668832,McCann,Kyle,McCann,Kyle,Kyle McCann
913,Easton McGee,668834,McGee,Easton,McGee,Easton,Easton McGee
914,Conner Capel,668843,Capel,Conner,Capel,Conner,Conner Capel
915,Aaron Schunk,668845,Schunk,Aaron,Schunk,Aaron,Aaron Schunk
916,Austin Shenton,668853,Shenton,Austin,Shenton,Austin,Austin Shenton
917,Zack Thompson,668868,Thompson,Zack,Thompson,Zack,Zack Thompson
918,Caleb Kilian,668873,Kilian,Caleb,Kilian,Caleb,Caleb Kilian
919,Blair Henley,668874,Henley,Blair,Henley,Blair,Blair Henley
920,Hunter Greene,668881,Greene,Hunter,Greene,Hunter,Hunter Greene
921,Austin Martin,668885,Martin,Austin,Martin,Austin,Austin Martin
922,Mark Vientos,668901,Vientos,Mark,Vientos,Mark,Mark Vientos
923,Royce Lewis,668904,Lewis,Royce,Lewis,Royce,Royce Lewis
924,Gavin Williams,668909,Williams,Gavin,Williams,Gavin,Gavin Williams
925,Brice Turang,668930,Turang,Brice,Turang,Brice,Brice Turang
926,Graham Ashcraft,668933,Ashcraft,Graham,Ashcraft,Graham,Graham Ashcraft
927,Adley Rutschman,668939,Rutschman,Adley,Rutschman,Adley,Adley Rutschman
928,JoJo Romero,668941,Romero,JoJo,Romero,JoJo,JoJo Romero
929,Josh Rojas,668942,Rojas,Josh,Rojas,Josh,Josh Rojas
930,Ryan Kreidler,668952,Kreidler,Ryan,Kreidler,Ryan,Ryan Kreidler
931,Tobias Myers,668964,Myers,Tobias,Myers,Tobias,Tobias Myers
932,Gavin Hollowell,668970,Hollowell,Gavin,Hollowell,Gavin,Gavin Hollowell
933,Casey Legumina,668984,Legumina,Casey,Legumina,Casey,Casey Legumina
934,Connor Scott,669002,Scott,Connor,,,
935,Garrett Mitchell,669003,Mitchell,Garrett,Mitchell,Garrett,Garrett Mitchell
936,MJ Melendez,669004,Melendez,MJ,Melendez,MJ,MJ Melendez
937,Brandon Marsh,669016,Marsh,Brandon,Marsh,Brandon,Brandon Marsh
938,Ryan Rolison,669020,Rolison,Ryan,Rolison,Ryan,Ryan Rolison
939,MacKenzie Gore,669022,Gore,MacKenzie,Gore,MacKenzie,MacKenzie Gore
940,Bryse Wilson,669060,Wilson,Bryse,Wilson,Bryse,Bryse Wilson
941,Erik Miller,669062,Miller,Erik,Miller,Erik,Erik Miller
942,Kyle Stowers,669065,Stowers,Kyle,Stowers,Kyle,Kyle Stowers
943,DL Hall,669084,Hall,DL,Hall,DL,DL Hall
944,Sam Huff,669087,Huff,Sam,Huff,Sam,Sam Huff
945,Matt Cronin,669091,Cronin,Matt,Cronin,Matt,
946,Jeremiah Estrada,669093,Estrada,Jeremiah,Estrada,Jeremiah,Jeremiah Estrada
947,John McMillon,669111,McMillon,John,McMillon,John,John McMillon
948,Shea Langeliers,669127,Langeliers,Shea,Langeliers,Shea,Shea Langeliers
949,Luis Campusano,669134,Campusano,Luis,Campusano,Luis,Luis Campusano
950,Armando Alvarez,669137,Alvarez,Armando,Alvarez,Armando,Armando Alvarez
951,Bruce Zimmermann,669145,Zimmermann,Bruce,Zimmermann,Bruce,Bruce Zimmermann
952,Dustin May,669160,May,Dustin,May,Dustin,Dustin May
953,Kyle Hurt,669165,Hurt,Kyle,Hurt,Kyle,Kyle Hurt
954,Jonathan Heasley,669169,Heasley,Jonathan,Heasley,Jonathan,Jonathan Heasley
955,Ryne Nelson,669194,Nelson,Ryne,Nelson,Ryne,Ryne Nelson
956,Lake Bachar,669199,Bachar,Lake,Bachar,Lake,Lake Bachar
957,Mason McCoy,669200,McCoy,Mason,McCoy,Mason,Mason McCoy
958,Corbin Burnes,669203,Burnes,Corbin,Burnes,Corbin,Corbin Burnes
959,Ryan Bliss,669208,Bliss,Ryan,Bliss,Ryan,Ryan Bliss
960,Keegan Akin,669211,Akin,Keegan,Akin,Keegan,Keegan Akin
961,Eli Morgan,669212,Morgan,Eli,Morgan,Eli,Eli Morgan
962,Je’Von Ward,669219,Ward,Je’Von,Ward,Je’Von,
963,Sean Murphy,669221,Murphy,Sean,Murphy,Sean,Sean Murphy
964,Nick Senzel,669222,Senzel,Nick,Senzel,Nick,Nick Senzel
965,Austin Wells,669224,Wells,Austin,Wells,Austin,Austin Wells
966,Justyn-Henry Malloy,669234,Malloy,Justyn-Henry,Malloy,Justyn-Henry,Justyn-Henry Malloy
967,Jeremiah Jackson,669236,Jackson,Jeremiah,Jackson,Jeremiah,Jeremiah Jackson
968,Tommy Edman,669242,Edman,Tommy,Edman,Tommy,Tommy Edman
969,Nick Solak,669256,Solak,Nick,Solak,Nick,Nick Solak
970,Will Smith,669257,Smith,Will,Smith,Will,Will Smith
971,Jack Suwinski,669261,Suwinski,Jack,Suwinski,Jack,Jack Suwinski
972,Joel Kuhnel,669270,Kuhnel,Joel,Kuhnel,Joel,Joel Kuhnel
973,Dylan Lee,669276,Lee,Dylan,Lee,Dylan,Dylan Lee
974,Daniel Johnson,669288,Johnson,Daniel,,,
975,Santiago Espinal,669289,Espinal,Santiago,Espinal,Santiago,Santiago Espinal
976,Logan Gilbert,669302,Gilbert,Logan,Gilbert,Logan,Logan Gilbert
977,Jose Miranda,669304,Miranda,Jose,Miranda,Jose,Jose Miranda
978,Sean Reynolds,669308,Reynolds,Sean,Reynolds,Sean,Sean Reynolds
979,Joe Perez,669309,Perez,Joe,Perez,Joe,Joe Perez
980,Bryce Teodosio,669326,Teodosio,Bryce,Teodosio,Bryce,Bryce Teodosio
981,Tyler Wells,669330,Wells,Tyler,Wells,Tyler,Tyler Wells
982,Nolan Gorman,669357,Gorman,Nolan,Gorman,Nolan,Nolan Gorman
983,Shane Baz,669358,Baz,Shane,Baz,Shane,Shane Baz
984,Xavier Edwards,669364,Edwards,Xavier,Edwards,Xavier,Xavier Edwards
985,Bryce Johnson,669369,Johnson,Bryce,Johnson,Bryce,Bryce Johnson
986,Asa Lacy,669370,Lacy,Asa,Lacy,Asa,
987,Cole Henry,669371,Henry,Cole,Henry,Cole,Cole Henry
988,J.T. Ginn,669372,Ginn,J.T.,Ginn,J.T.,J.T. Ginn
989,Tarik Skubal,669373,Skubal,Tarik,Skubal,Tarik,Tarik Skubal
990,Keston Hiura,669374,Hiura,Keston,Hiura,Keston,Keston Hiura
991,Raynel Delgado,669384,Delgado,Raynel,Delgado,Raynel,
992,Carmen Mlodzinski,669387,Mlodzinski,Carmen,Mlodzinski,Carmen,Carmen Mlodzinski
993,Owen White,669391,White,Owen,White,Owen,Owen White
994,Samad Taylor,669392,Taylor,Samad,Taylor,Samad,Samad Taylor
995,Jake Burger,669394,Burger,Jake,Burger,Jake,Jake Burger
996,Dylan Coleman,669395,Coleman,Dylan,Coleman,Dylan,Dylan Coleman
997,Nick Allen,669397,Allen,Nick,Allen,Nick,Nick Allen
998,Gage Workman,669398,Workman,Gage,Workman,Gage,Gage Workman
999,Frainyer Chavez,669413,Chavez,Frainyer,Chavez,Frainyer,
1000,Matt Sauer,669422,Sauer,Matt,Sauer,Matt,Matt Sauer
1001,Trevor Rogers,669432,Rogers,Trevor,Rogers,Trevor,Trevor Rogers
1002,Mason Englert,669438,Englert,Mason,Englert,Mason,Mason Englert
1003,Chandler Champlain,669441,Champlain,Chandler,Champlain,Chandler,
1004,Cooper Hummel,669450,Hummel,Cooper,Hummel,Cooper,Cooper Hummel
1005,Shane Bieber,669456,Bieber,Shane,Bieber,Shane,Shane Bieber
1006,Kyle Nelson,669459,Nelson,Kyle,Nelson,Kyle,Kyle Nelson
1007,Matthew Liberatore,669461,Liberatore,Matthew,Liberatore,Matthew,Matthew Liberatore
1008,Andre Pallante,669467,Pallante,Andre,Pallante,Andre,Andre Pallante
1009,Devin Mann,669471,Mann,Devin,Mann,Devin,
1010,Casey Schmitt,669477,Schmitt,Casey,Schmitt,Casey,Casey Schmitt
1011,Joe Barlow,669618,Barlow,Joe,Barlow,Joe,Joe Barlow
1012,Brady Basso,669620,Basso,Brady,Basso,Brady,Brady Basso
1013,Anthony Bender,669622,Bender,Anthony,Bender,Anthony,Anthony Bender
1014,Sam Long,669674,Long,Sam,Long,Sam,Sam Long
1015,Chris Murphy,669684,Murphy,Chris,Murphy,Chris,Chris Murphy
1016,Braden Shewmake,669699,Shewmake,Braden,Shewmake,Braden,Braden Shewmake
1017,Josh H. Smith,669701,Smith,Josh H.,Smith,Josh H.,Josh Smith
1018,Jared Triolo,669707,Triolo,Jared,Triolo,Jared,Jared Triolo
1019,Greg Weissert,669711,Weissert,Greg,Weissert,Greg,Greg Weissert
1020,Hayden Wesneski,669713,Wesneski,Hayden,Wesneski,Hayden,Hayden Wesneski
1021,Will Wilson,669717,Wilson,Will,Wilson,Will,Will Wilson
1022,Austin Hays,669720,Hays,Austin,Hays,Austin,Austin Hays
1023,Davis Daniel,669721,Daniel,Davis,Daniel,Davis,Davis Daniel
1024,Logan Davidson,669722,Davidson,Logan,Davidson,Logan,Logan Davidson
1025,Brenan Hanifee,669724,Hanifee,Brenan,Hanifee,Brenan,Brenan Hanifee
1026,Chris Rodriguez,669735,Rodriguez,Chris,Rodriguez,Chris,Chris Rodriguez
1027,Darick Hall,669742,Hall,Darick,Hall,Darick,Darick Hall
1028,Alex Call,669743,Call,Alex,Call,Alex,Alex Call
1029,Ronel Blanco,669854,Blanco,Ronel,Blanco,Ronel,Ronel Blanco
1030,Michael Toglia,669911,Toglia,Michael,Toglia,Michael,Michael Toglia
1031,Jason Alexander,669920,Alexander,Jason,Alexander,Jason,Jason Alexander
1032,George Kirby,669923,Kirby,George,Kirby,George,George Kirby
1033,Chavez Young,669945,Young,Chavez,Young,Chavez,
1034,Jesse Scholtens,669947,Scholtens,Jesse,Scholtens,Jesse,Jesse Scholtens
1035,Nicky Lopez,670032,Lopez,Nicky,Lopez,Nicky,Nicky Lopez
1036,Matt Festa,670036,Festa,Matt,Festa,Matt,Matt Festa
1037,Luke Raley,670042,Raley,Luke,Raley,Luke,Luke Raley
1038,Colin Holderman,670059,Holderman,Colin,Holderman,Colin,Colin Holderman
1039,Wyatt Mills,670090,Mills,Wyatt,Mills,Wyatt,Wyatt Mills
1040,Trenton Brooks,670092,Brooks,Trenton,Brooks,Trenton,Trenton Brooks
1041,Zack Short,670097,Short,Zack,Short,Zack,Zack Short
1042,Bowden Francis,670102,Francis,Bowden,Francis,Bowden,Bowden Francis
1043,Nate Mondou,670148,Mondou,Nate,,,
1044,Miles Mastrobuoni,670156,Mastrobuoni,Miles,Mastrobuoni,Miles,Miles Mastrobuoni
1045,Parker Dunshee,670161,Dunshee,Parker,Dunshee,Parker,Parker Dunshee
1046,John Schreiber,670167,Schreiber,John,Schreiber,John,John Schreiber
1047,Josh Winckowski,670174,Winckowski,Josh,Winckowski,Josh,Josh Winckowski
1048,Garrett Acton,670183,Acton,Garrett,Acton,Garrett,Garrett Acton
1049,Matt Mervis,670223,Mervis,Matt,Mervis,Matt,Matt Mervis
1050,Kameron Misner,670224,Misner,Kameron,Misner,Kameron,Kameron Misner
1051,John Rave,670231,Rave,John,Rave,John,John Rave
1052,Darius Vines,670241,Vines,Darius,Vines,Darius,Darius Vines
1053,Matt Wallner,670242,Wallner,Matt,Wallner,Matt,Matt Wallner
1054,Cal Stevenson,670276,Stevenson,Cal,Stevenson,Cal,Cal Stevenson
1055,David Bednar,670280,Bednar,David,Bednar,David,David Bednar
1056,Rico Garcia,670329,Garcia,Rico,Garcia,Rico,Rico Garcia
1057,Jose Rojas,670351,Rojas,Jose,,,
1058,Yordan Alvarez,670541,Alvarez,Yordan,Alvarez,Yordan,Yordan Alvarez
1059,Aaron Fossas,670579,Fossas,Aaron,Fossas,Aaron,
1060,Isaac Paredes,670623,Paredes,Isaac,Paredes,Isaac,Isaac Paredes
1061,Mike Brosseau,670712,Brosseau,Mike,,,
1062,Taylor Walls,670764,Walls,Taylor,Walls,Taylor,Taylor Walls
1063,Darren McCaughan,670766,McCaughan,Darren,McCaughan,Darren,Darren McCaughan
1064,TJ Friedl,670770,Friedl,TJ,Friedl,TJ,TJ Friedl
1065,Logan Gillaspie,670810,Gillaspie,Logan,Gillaspie,Logan,Logan Gillaspie
1066,Livan Soto,670869,Soto,Livan,Soto,Livan,Livan Soto
1067,Yunior Severino,670870,Severino,Yunior,Severino,Yunior,
1068,Guillo Zuniga,670871,Zuniga,Guillo,Zuñiga,Guillo,Guillo Zuñiga
1069,Johan Oviedo,670912,Oviedo,Johan,Oviedo,Johan,Johan Oviedo
1070,Trevor Richards,670950,Richards,Trevor,Richards,Trevor,Trevor Richards
1071,Edwin Uceta,670955,Uceta,Edwin,Uceta,Edwin,Edwin Uceta
1072,Adrian Morejon,670970,Morejon,Adrian,Morejon,Adrian,Adrian Morejon
1073,Yohan Ramirez,670990,Ramirez,Yohan,Ramírez,Yohan,Yohan Ramírez
1074,Ivan Herrera,671056,Herrera,Ivan,Herrera,Iván,Iván Herrera
1075,Buddy Kennedy,671083,Kennedy,Buddy,Kennedy,Buddy,Buddy Kennedy
1076,Andrew Abbott,671096,Abbott,Andrew,Abbott,Andrew,Andrew Abbott
1077,Logan Allen,671106,Allen,Logan,Allen,Logan,Logan Allen
1078,Jake Eder,671109,Eder,Jake,Eder,Jake,
1079,Sammy Peralta,671111,Peralta,Sammy,Peralta,Sammy,Sammy Peralta
1080,Darren Baker,671117,Baker,Darren,Baker,Darren,Darren Baker
1081,Jackson Rutledge,671131,Rutledge,Jackson,Rutledge,Jackson,Jackson Rutledge
1082,Connor Thomas,671162,Thomas,Connor,Thomas,Connor,Connor Thomas
1083,Joe Boyle,671212,Boyle,Joe,Boyle,Joe,Joe Boyle
1084,Triston Casas,671213,Casas,Triston,Casas,Triston,Triston Casas
1085,Heliot Ramos,671218,Ramos,Heliot,Ramos,Heliot,Heliot Ramos
1086,Drew Waters,671221,Waters,Drew,Waters,Drew,Drew Waters
1087,Jeisson Rosario,671271,Rosario,Jeisson,Rosario,Jeisson,Jeisson Rosario
1088,Luis Garcia,671277,Garcia,Luis,García,Luis,Luis García Jr.
1089,Tim Elko,671284,Elko,Tim,Elko,Tim,Tim Elko
1090,Johnathan Rodriguez,671286,Rodriguez,Johnathan,Rodríguez,Johnathan,Johnathan Rodríguez
1091,Phil Clarke,671287,Clarke,Phil,Clarke,Phil,
1092,Tyler Freeman,671289,Freeman,Tyler,Freeman,Tyler,Tyler Freeman
1093,Michel Otanez,671305,Otanez,Michel,Otañez,Michel,Michel Otañez
1094,Jason Foley,671345,Foley,Jason,Foley,Jason,Jason Foley
1095,George Valera,671655,Valera,George,Valera,George,
1096,Marquis Grissom Jr.,671726,Grissom Jr.,Marquis,Grissom Jr.,Marquis,
1097,Lawrence Butler,671732,Butler,Lawrence,Butler,Lawrence,Lawrence Butler
1098,Taj Bradley,671737,Bradley,Taj,Bradley,Taj,Taj Bradley
1099,Michael Harris II,671739,Harris II,Michael,Harris II,Michael,Michael Harris II
1100,Damiano Palmegiani,671913,Palmegiani,Damiano,Palmegiani,Damiano,
1101,Cade Smith,671922,Smith,Cade,Smith,Cade,Cade Smith
1102,Adam Macko,671936,Macko,Adam,Macko,Adam,Adam Macko
1103,Tyler Black,672012,Black,Tyler,Black,Tyler,Tyler Black
1104,Denzel Clarke,672016,Clarke,Denzel,Clarke,Denzel,Denzel Clarke
1105,Eric Pardinho,672078,Pardinho,Eric,Pardinho,Eric,
1106,Patrick Bailey,672275,Bailey,Patrick,Bailey,Patrick,Patrick Bailey
1107,Michael Siani,672279,Siani,Michael,Siani,Michael,Michael Siani
1108,Reid Detmers,672282,Detmers,Reid,Detmers,Reid,Reid Detmers
1109,Jarred Kelenic,672284,Kelenic,Jarred,Kelenic,Jarred,Jarred Kelenic
1110,Cionel Perez,672335,Perez,Cionel,Pérez,Cionel,Cionel Pérez
1111,Gabriel Arias,672356,Arias,Gabriel,Arias,Gabriel,Gabriel Arias
1112,Tirso Ornelas,672359,Ornelas,Tirso,Ornelas,Tirso,Tirso Ornelas
1113,Agustin Ruiz,672361,Ruiz,Agustin,,,
1114,Alejandro Kirk,672386,Kirk,Alejandro,Kirk,Alejandro,Alejandro Kirk
1115,Kaleb Ort,672391,Ort,Kaleb,Ort,Kaleb,Kaleb Ort
1116,Keider Montero,672456,Montero,Keider,Montero,Keider,Keider Montero
1117,Jordan Diaz,672478,Diaz,Jordan,Diaz,Jordan,Jordan Diaz
1118,Helcris Olivarez,672487,Olivarez,Helcris,Olivarez,Helcris,Helcris Olivarez
1119,Gabriel Moreno,672515,Moreno,Gabriel,Moreno,Gabriel,Gabriel Moreno
1120,Jhon Torres,672536,Torres,Jhon,Torres,Jhon,
1121,Gustavo Campero,672569,Campero,Gustavo,Campero,Gustavo,Gustavo Campero
1122,Carlos Hernandez,672578,Hernandez,Carlos,Hernández,Carlos,Carlos Hernández
1123,Maikel Garcia,672580,Garcia,Maikel,Garcia,Maikel,Maikel Garcia
1124,Angel Zerpa,672582,Zerpa,Angel,Zerpa,Angel,Angel Zerpa
1125,Gerardo Carrillo,672629,Carrillo,Gerardo,Carrillo,Gerardo,
1126,Otto Lopez,672640,Lopez,Otto,Lopez,Otto,Otto Lopez
1127,Steward Berroa,672642,Berroa,Steward,Berroa,Steward,Steward Berroa
1128,Geraldo Perdomo,672695,Perdomo,Geraldo,Perdomo,Geraldo,Geraldo Perdomo
1129,Roansy Contreras,672710,Contreras,Roansy,Contreras,Roansy,Roansy Contreras
1130,Luis Patino,672715,Patino,Luis,Patiño,Luis,Luis Patiño
1131,Oswald Peraza,672724,Peraza,Oswald,Peraza,Oswald,Oswald Peraza
1132,Juan Then,672730,Then,Juan,Then,Juan,Juan Then
1133,Alexander Canario,672744,Canario,Alexander,Canario,Alexander,Alexander Canario
1134,Wenceel Perez,672761,Perez,Wenceel,Pérez,Wenceel,Wenceel Pérez
1135,Tucupita Marcano,672779,Marcano,Tucupita,,,
1136,Yoendrys Gomez,672782,Gomez,Yoendrys,Gómez,Yoendrys,Yoendrys Gómez
1137,Jairo Solis,672810,Solis,Jairo,Solis,Jairo,Jairo Solis
1138,Lenyn Sosa,672820,Sosa,Lenyn,Sosa,Lenyn,Lenyn Sosa
1139,Israel Pineda,672832,Pineda,Israel,Pineda,Israel,Israel Pineda
1140,Francisco Morales,672839,Morales,Francisco,Morales,Francisco,Francisco Morales
1141,Carlos Vargas,672841,Vargas,Carlos,Vargas,Carlos,Carlos Vargas
1142,Joan Adon,672851,Adon,Joan,Adon,Joan,Joan Adon
1143,Prelander Berroa,672860,Berroa,Prelander,Berroa,Prelander,Prelander Berroa
1144,Yainer Diaz,673237,Diaz,Yainer,Diaz,Yainer,Yainer Diaz
1145,Luis Robert Jr.,673357,Robert Jr.,Luis,Robert Jr.,Luis,Luis Robert Jr.
1146,Dedniel Nunez,673380,Nunez,Dedniel,Núñez,Dedniel,Dedniel Núñez
1147,Ha-Seong Kim,673490,Kim,Ha-Seong,Kim,Ha-Seong,Ha-Seong Kim
1148,Yuki Matsui,673513,Matsui,Yuki,Matsui,Yuki,Yuki Matsui
1149,Kodai Senga,673540,Senga,Kodai,Senga,Kodai,Kodai Senga
1150,Seiya Suzuki,673548,Suzuki,Seiya,Suzuki,Seiya,Seiya Suzuki
1151,Jordan Leasure,673929,Leasure,Jordan,Leasure,Jordan,Jordan Leasure
1152,Josh Jung,673962,Jung,Josh,Jung,Josh,Josh Jung
1153,Davis Wendzel,673995,Wendzel,Davis,Wendzel,Davis,Davis Wendzel
1154,Cody Bradford,674003,Bradford,Cody,Bradford,Cody,Cody Bradford
1155,Tommy Henry,674072,Henry,Tommy,Henry,Tommy,Tommy Henry
1156,Eduardo Salazar,674285,Salazar,Eduardo,Salazar,Eduardo,Eduardo Salazar
1157,Osvaldo Bido,674370,Bido,Osvaldo,Bido,Osvaldo,Osvaldo Bido
1158,Jacob Hurtubise,674441,Hurtubise,Jacob,Hurtubise,Jacob,Jacob Hurtubise
1159,Steven Cruz,674444,Cruz,Steven,Cruz,Steven,Steven Cruz
1160,Michael Plassmeyer,674681,Plassmeyer,Michael,Plassmeyer,Michael,Michael Plassmeyer
1161,Sean Guenther,674944,Guenther,Sean,Guenther,Sean,Sean Guenther
1162,Troy Melton,675512,Melton,Troy,Melton,Troy,Troy Melton
1163,Michael Grove,675627,Grove,Michael,Grove,Michael,Michael Grove
1164,Austin Beck,675648,Beck,Austin,Beck,Austin,
1165,Michael Mercado,675650,Mercado,Michael,Mercado,Michael,Michael Mercado
1166,Greg Jones,675659,Jones,Greg,Jones,Greg,Greg Jones
1167,Spencer Strider,675911,Strider,Spencer,Strider,Spencer,Spencer Strider
1168,David Banuelos,675915,Banuelos,David,Bañuelos,David,David Bañuelos
1169,James Karinchak,675916,Karinchak,James,Karinchak,James,James Karinchak
1170,Alika Williams,675961,Williams,Alika,Williams,Alika,Alika Williams
1171,Canaan Smith-Njigba,675986,Smith-Njigba,Canaan,Smith-Njigba,Canaan,Canaan Smith-Njigba
1172,Cody Bolton,675989,Bolton,Cody,Bolton,Cody,Cody Bolton
1173,Griff McGarry,676046,McGarry,Griff,McGarry,Griff,
1174,Packy Naughton,676050,Naughton,Packy,Naughton,Packy,Packy Naughton
1175,Codi Heuer,676051,Heuer,Codi,Heuer,Codi,Codi Heuer
1176,Jordan Westburg,676059,Westburg,Jordan,Westburg,Jordan,Jordan Westburg
1177,Jacob Amaya,676070,Amaya,Jacob,Amaya,Jacob,Jacob Amaya
1178,Janson Junk,676083,Junk,Janson,Junk,Janson,Janson Junk
1179,Collin Snider,676092,Snider,Collin,Snider,Collin,Collin Snider
1180,Jeff Criswell,676105,Criswell,Jeff,Criswell,Jeff,Jeff Criswell
1181,Emerson Hancock,676106,Hancock,Emerson,Hancock,Emerson,Emerson Hancock
1182,Zach DeLoach,676113,DeLoach,Zach,DeLoach,Zach,Zach DeLoach
1183,Ryan Noda,676116,Noda,Ryan,Noda,Ryan,Ryan Noda
1184,Jose Butto,676130,Butto,Jose,Buttó,José,José Buttó
1185,Freddy Tarnok,676206,Tarnok,Freddy,Tarnok,Freddy,Freddy Tarnok
1186,Seth Elledge,676220,Elledge,Seth,Elledge,Seth,Seth Elledge
1187,Ryan Walker,676254,Walker,Ryan,Walker,Ryan,Ryan Walker
1188,Jack Dreyer,676263,Dreyer,Jack,Dreyer,Jack,Jack Dreyer
1189,Cory Abbott,676265,Abbott,Cory,Abbott,Cory,Cory Abbott
1190,Bobby Miller,676272,Miller,Bobby,Miller,Bobby,Bobby Miller
1191,Joey Cantillo,676282,Cantillo,Joey,Cantillo,Joey,Joey Cantillo
1192,Jonny DeLuca,676356,DeLuca,Jonny,DeLuca,Jonny,Jonny DeLuca
1193,Nelson Velazquez,676369,Velazquez,Nelson,,,
1194,Ernie Clement,676391,Clement,Ernie,Clement,Ernie,Ernie Clement
1195,Robert Garcia,676395,Garcia,Robert,Garcia,Robert,Robert Garcia
1196,Brant Hurter,676428,Hurter,Brant,Hurter,Brant,Brant Hurter
1197,Hunter Feduccia,676439,Feduccia,Hunter,Feduccia,Hunter,Hunter Feduccia
1198,Tanner Bibee,676440,Bibee,Tanner,Bibee,Tanner,Tanner Bibee
1199,Jack Winkler,676466,Winkler,Jack,Winkler,Jack,Jack Winkler
1200,Colton Gordon,676467,Gordon,Colton,Gordon,Colton,Colton Gordon
1201,Alec Burleson,676475,Burleson,Alec,Burleson,Alec,Alec Burleson
1202,Garrett Whitlock,676477,Whitlock,Garrett,Whitlock,Garrett,Garrett Whitlock
1203,Jose Barrero,676480,Barrero,Jose,Barrero,Jose,Jose Barrero
1204,Ben Casparius,676508,Casparius,Ben,Casparius,Ben,Ben Casparius
1205,Nolan Hoffman,676510,Hoffman,Nolan,Hoffman,Nolan,
1206,Calvin Faucher,676534,Faucher,Calvin,Faucher,Calvin,Calvin Faucher
1207,Brewer Hicklen,676551,Hicklen,Brewer,Hicklen,Brewer,Brewer Hicklen
1208,Ricky Vanasco,676568,Vanasco,Ricky,Vanasco,Ricky,Ricky Vanasco
1209,Eric Wagaman,676572,Wagaman,Eric,Wagaman,Eric,Eric Wagaman
1210,Josh Fleming,676596,Fleming,Josh,Fleming,Josh,Josh Fleming
1211,Tyler Zuber,676604,Zuber,Tyler,Zuber,Tyler,Tyler Zuber
1212,Jose Caballero,676609,Caballero,Jose,Caballero,José,José Caballero
1213,Riley O’Brien,676617,O’Brien,Riley,O’Brien,Riley,Riley O’Brien
1214,Tyreque Reed,676627,Reed,Tyreque,,,
1215,Bligh Madris,676632,Madris,Bligh,Madris,Bligh,Bligh Madris
1216,Max Lazar,676661,Lazar,Max,Lazar,Max,Max Lazar
1217,JP Sears,676664,Sears,JP,Sears,JP,JP Sears
1218,Luis Vazquez,676679,Vazquez,Luis,Vázquez,Luis,Luis Vázquez
1219,Tom Cosgrove,676680,Cosgrove,Tom,Cosgrove,Tom,Tom Cosgrove
1220,Will Vest,676684,Vest,Will,Vest,Will,Will Vest
1221,Jake Meyers,676694,Meyers,Jake,Meyers,Jake,Jake Meyers
1222,Alan Trejo,676701,Trejo,Alan,Trejo,Alan,Alan Trejo
1223,Hunter Stratton,676702,Stratton,Hunter,Stratton,Hunter,Hunter Stratton
1224,Kutter Crawford,676710,Crawford,Kutter,Crawford,Kutter,Kutter Crawford
1225,Brandon Hughes,676714,Hughes,Brandon,Hughes,Brandon,Brandon Hughes
1226,Tommy Romero,676720,Romero,Tommy,Romero,Tommy,Tommy Romero
1227,Jared Young,676724,Young,Jared,Young,Jared,Jared Young
1228,Isaac Mattson,676755,Mattson,Isaac,Mattson,Isaac,Isaac Mattson
1229,Korry Howell,676759,Howell,Korry,Howell,Korry,
1230,Ron Marinaccio,676760,Marinaccio,Ron,Marinaccio,Ron,Ron Marinaccio
1231,Irving Lopez,676761,Lopez,Irving,,,
1232,Keaton Winn,676775,Winn,Keaton,Winn,Keaton,Keaton Winn
1233,Chas McCormick,676801,McCormick,Chas,McCormick,Chas,Chas McCormick
1234,Kodi Whitley,676831,Whitley,Kodi,Whitley,Kodi,Kodi Whitley
1235,Aaron Ashby,676879,Ashby,Aaron,Ashby,Aaron,Aaron Ashby
1236,Chandler Seagle,676882,Seagle,Chandler,Seagle,Chandler,Chandler Seagle
1237,Davis Schneider,676914,Schneider,Davis,Schneider,Davis,Davis Schneider
1238,Cade Cavalli,676917,Cavalli,Cade,Cavalli,Cade,Cade Cavalli
1239,Matthew Batten,676946,Batten,Matthew,Batten,Matthew,Matthew Batten
1240,Caleb Boushley,676961,Boushley,Caleb,Boushley,Caleb,Caleb Boushley
1241,Ben Brown,676962,Brown,Ben,Brown,Ben,Ben Brown
1242,Brett de Geus,676969,de Geus,Brett,de Geus,Brett,Brett de Geus
1243,Max Meyer,676974,Meyer,Max,Meyer,Max,Max Meyer
1244,Garrett Crochet,676979,Crochet,Garrett,Crochet,Garrett,Garrett Crochet
1245,Heston Kjerstad,677008,Kjerstad,Heston,Kjerstad,Heston,Heston Kjerstad
1246,Josh Walker,677020,Walker,Josh,Walker,Josh,Josh Walker
1247,Andrew Nardi,677053,Nardi,Andrew,Nardi,Andrew,Andrew Nardi
1248,Clayton Andrews,677076,Andrews,Clayton,Andrews,Clayton,Clayton Andrews
1249,Zack Kelly,677161,Kelly,Zack,Kelly,Zack,Zack Kelly
1250,Kyren Paris,677347,Paris,Kyren,Paris,Kyren,Kyren Paris
1251,Wander Franco,677551,Franco,Wander,Franco,Wander,Wander Franco
1252,Kristian Robinson,677565,Robinson,Kristian,Robinson,Kristian,
1253,Aaron Bracho,677570,Bracho,Aaron,Bracho,Aaron,
1254,Brayan Rocchio,677587,Rocchio,Brayan,Rocchio,Brayan,Brayan Rocchio
1255,Jose Tena,677588,Tena,Jose,Tena,José,José Tena
1256,Everson Pereira,677592,Pereira,Everson,Pereira,Everson,Everson Pereira
1257,Julio Rodriguez,677594,Rodriguez,Julio,Rodríguez,Julio,Julio Rodríguez
1258,Ronny Mauricio,677595,Mauricio,Ronny,Mauricio,Ronny,Ronny Mauricio
1259,Eddy Diaz,677647,Diaz,Eddy,Diaz,Eddy,
1260,Ezequiel Duran,677649,Duran,Ezequiel,Duran,Ezequiel,Ezequiel Duran
1261,Luis Garcia,677651,Garcia,Luis,Garcia,Luis,Luis Garcia
1262,Wilyer Abreu,677800,Abreu,Wilyer,Abreu,Wilyer,Wilyer Abreu
1263,Justin Bruihl,677865,Bruihl,Justin,Bruihl,Justin,Justin Bruihl
1264,Leo Jimenez,677870,Jimenez,Leo,Jiménez,Leo,Leo Jiménez
1265,Jordyn Adams,677941,Adams,Jordyn,Adams,Jordyn,Jordyn Adams
1266,Blaze Alexander,677942,Alexander,Blaze,Alexander,Blaze,Blaze Alexander
1267,Will Banfield,677943,Banfield,Will,Banfield,Will,
1268,Slade Cecconi,677944,Cecconi,Slade,Cecconi,Slade,Slade Cecconi
1269,Alek Thomas,677950,Thomas,Alek,Thomas,Alek,Alek Thomas
1270,Bobby Witt Jr.,677951,Witt Jr.,Bobby,Witt Jr.,Bobby,Bobby Witt Jr.
1271,Braxton Ashcraft,677952,Ashcraft,Braxton,Ashcraft,Braxton,Braxton Ashcraft
1272,Jordan Groshans,677954,Groshans,Jordan,Groshans,Jordan,Jordan Groshans
1273,Jaden Hill,677955,Hill,Jaden,Hill,Jaden,Jaden Hill
1274,Rece Hinds,677956,Hinds,Rece,Hinds,Rece,Rece Hinds
1275,Kumar Rocker,677958,Rocker,Kumar,Rocker,Kumar,Kumar Rocker
1276,Ryan Weathers,677960,Weathers,Ryan,Weathers,Ryan,Ryan Weathers
1277,Cole Wilcox,677961,Wilcox,Cole,Wilcox,Cole,
1278,Randy Dobnak,677976,Dobnak,Randy,Dobnak,Randy,Randy Dobnak
1279,Parker Meadows,678009,Meadows,Parker,Meadows,Parker,Parker Meadows
1280,Nick Schnell,678010,Schnell,Nick,Schnell,Nick,
1281,Anthony Seigler,678011,Seigler,Anthony,Seigler,Anthony,Anthony Seigler
1282,Seth Halvorsen,678020,Halvorsen,Seth,Halvorsen,Seth,Seth Halvorsen
1283,Jack Perkins,678022,Perkins,Jack,Perkins,Jack,Jack Perkins
1284,Mike Vasil,678024,Vasil,Mike,Vasil,Mike,Mike Vasil
1285,Ray Kerr,678061,Kerr,Ray,Kerr,Ray,Ray Kerr
1286,Luarbert Arias,678215,Arias,Luarbert,Arias,Luarbert,Luarbert Arias
1287,Ji Hwan Bae,678225,Bae,Ji Hwan,Bae,Ji Hwan,Ji Hwan Bae
1288,Daysbel Hernandez,678226,Hernandez,Daysbel,Hernández,Daysbel,Daysbel Hernández
1289,Miguel Vargas,678246,Vargas,Miguel,Vargas,Miguel,Miguel Vargas
1290,Omar Cruz,678316,Cruz,Omar,Cruz,Omar,Omar Cruz
1291,Valente Bellozo,678368,Bellozo,Valente,Bellozo,Valente,Valente Bellozo
1292,Jorbit Vivas,678391,Vivas,Jorbit,Vivas,Jorbit,Jorbit Vivas
1293,Brayan Bello,678394,Bello,Brayan,Bello,Brayan,Brayan Bello
1294,Jorge Barrosa,678489,Barrosa,Jorge,Barrosa,Jorge,Jorge Barrosa
1295,Randy Rodriguez,678495,Rodriguez,Randy,Rodríguez,Randy,Randy Rodríguez
1296,Osleivis Basabe,678545,Basabe,Osleivis,Basabe,Osleivis,Osleivis Basabe
1297,Curtis Mead,678554,Mead,Curtis,Mead,Curtis,Curtis Mead
1298,Jose A. Ferrer,678606,Ferrer,Jose A.,Ferrer,Jose A.,Jose A. Ferrer
1299,Ezequiel Tovar,678662,Tovar,Ezequiel,Tovar,Ezequiel,Ezequiel Tovar
1300,Ronny Henriquez,678692,Henriquez,Ronny,Henriquez,Ronny,Ronny Henriquez
1301,Eddys Leonard,678760,Leonard,Eddys,Leonard,Eddys,
1302,Luis Peralta,678821,Peralta,Luis,Peralta,Luis,Luis Peralta
1303,Jhonkensy Noel,678877,Noel,Jhonkensy,Noel,Jhonkensy,Jhonkensy Noel
1304,Ceddanne Rafaela,678882,Rafaela,Ceddanne,Rafaela,Ceddanne,Ceddanne Rafaela
1305,Liover Peguero,678894,Peguero,Liover,Peguero,Liover,Liover Peguero
1306,Kai-Wei Teng,678906,Teng,Kai-Wei,Teng,Kai-Wei,Kai-Wei Teng
1307,Johan Rojas,679032,Rojas,Johan,Rojas,Johan,Johan Rojas
1308,Walter Pennington,679156,Pennington,Walter,Pennington,Walter,Walter Pennington
1309,Eric Orze,679358,Orze,Eric,Orze,Eric,Eric Orze
1310,Alec Marsh,679525,Marsh,Alec,Marsh,Alec,Alec Marsh
1311,Spencer Torkelson,679529,Torkelson,Spencer,Torkelson,Spencer,Spencer Torkelson
1312,Jose Rodriguez,679563,Rodriguez,Jose,,,
1313,Terrin Vavra,679631,Vavra,Terrin,Vavra,Terrin,Terrin Vavra
1314,Justin Foscue,679822,Foscue,Justin,Foscue,Justin,Justin Foscue
1315,Nick Loftin,679845,Loftin,Nick,Loftin,Nick,Nick Loftin
1316,J.P. Martinez,679881,Martinez,J.P.,,,
1317,Justin Martinez,679885,Martinez,Justin,Martinez,Justin,Justin Martinez
1318,Evan McKendry,679928,McKendry,Evan,McKendry,Evan,
1319,Dairon Blanco,680118,Blanco,Dairon,Blanco,Dairon,Dairon Blanco
1320,Jackson Wolf,680232,Wolf,Jackson,Wolf,Jackson,Jackson Wolf
1321,Max Schuemann,680474,Schuemann,Max,Schuemann,Max,Max Schuemann
1322,Travis Swaggerty,680552,Swaggerty,Travis,Swaggerty,Travis,Travis Swaggerty
1323,Grayson Rodriguez,680570,Rodriguez,Grayson,Rodriguez,Grayson,Grayson Rodriguez
1324,Adam Kloffenstein,680572,Kloffenstein,Adam,Kloffenstein,Adam,Adam Kloffenstein
1325,Simeon Woods Richardson,680573,Woods Richardson,Simeon,Woods Richardson,Simeon,Simeon Woods Richardson
1326,Matt McLain,680574,McLain,Matt,McLain,Matt,Matt McLain
1327,DaShawn Keirsey Jr.,680577,Keirsey Jr.,DaShawn,Keirsey Jr.,DaShawn,DaShawn Keirsey Jr.
1328,Julio Rodriguez,680588,Rodriguez,Julio,Rodriguez,Julio,
1329,Gunnar Hoglund,680684,Hoglund,Gunnar,Hoglund,Gunnar,Gunnar Hoglund
1330,Josiah Gray,680686,Gray,Josiah,Gray,Josiah,Josiah Gray
1331,Lyon Richardson,680689,Richardson,Lyon,Richardson,Lyon,Lyon Richardson
1332,Kyle Bradish,680694,Bradish,Kyle,Bradish,Kyle,Kyle Bradish
1333,Brennen Davis,680695,Davis,Brennen,Davis,Brennen,Brennen Davis
1334,Richie Palacios,680700,Palacios,Richie,Palacios,Richie,Richie Palacios
1335,Joey Gerber,680702,Gerber,Joey,Gerber,Joey,Joey Gerber
1336,Nick Sandlin,680704,Sandlin,Nick,Sandlin,Nick,Nick Sandlin
1337,Cole Roederer,680711,Roederer,Cole,Roederer,Cole,
1338,Jonathan Ornelas,680716,Ornelas,Jonathan,Ornelas,Jonathan,Jonathan Ornelas
1339,Addison Barger,680718,Barger,Addison,Barger,Addison,Addison Barger
1340,Drew Rom,680723,Rom,Drew,Rom,Drew,Drew Rom
1341,Adrian Del Castillo,680728,Del Castillo,Adrian,Del Castillo,Adrian,Adrian Del Castillo
1342,Garrett McDaniels,680729,McDaniels,Garrett,McDaniels,Garrett,Garrett McDaniels
1343,Mitchell Parker,680730,Parker,Mitchell,Parker,Mitchell,Mitchell Parker
1344,Sean Burke,680732,Burke,Sean,Burke,Sean,Sean Burke
1345,Austin Cox,680735,Cox,Austin,Cox,Austin,Austin Cox
1346,Justin Wrobleski,680736,Wrobleski,Justin,Wrobleski,Justin,Justin Wrobleski
1347,Michael Helman,680737,Helman,Michael,Helman,Michael,Michael Helman
1348,Josh Winder,680739,Winder,Josh,Winder,Josh,Josh Winder
1349,Jonathan Bowlan,680742,Bowlan,Jonathan,Bowlan,Jonathan,Jonathan Bowlan
1350,Ty Madden,680744,Madden,Ty,Madden,Ty,Ty Madden
1351,Steven Kwan,680757,Kwan,Steven,Kwan,Steven,Steven Kwan
1352,Victor Vodnik,680767,Vodnik,Victor,Vodnik,Victor,Victor Vodnik
1353,CJ Alexander,680769,Alexander,CJ,Alexander,CJ,CJ Alexander
1354,Jarren Duran,680776,Duran,Jarren,Duran,Jarren,Jarren Duran
1355,Ryan Jeffers,680777,Jeffers,Ryan,Jeffers,Ryan,Ryan Jeffers
1356,Henry Davis,680779,Davis,Henry,Davis,Henry,Henry Davis
1357,Ryan Fitzgerald,680837,Fitzgerald,Ryan,Fitzgerald,Ryan,Ryan Fitzgerald
1358,Willie MacIver,680862,MacIver,Willie,MacIver,Willie,Willie MacIver
1359,Zack Gelof,680869,Gelof,Zack,Gelof,Zack,Zack Gelof
1360,Grant Holman,680880,Holman,Grant,Holman,Grant,Grant Holman
1361,Spencer Schwellenbach,680885,Schwellenbach,Spencer,Schwellenbach,Spencer,Spencer Schwellenbach
1362,Jack Neely,680891,Neely,Jack,Neely,Jack,Jack Neely
1363,Nick Nastrini,680897,Nastrini,Nick,Nastrini,Nick,Nick Nastrini
1364,Owen Miller,680911,Miller,Owen,Miller,Owen,Owen Miller
1365,Franco Aleman,680916,Aleman,Franco,Aleman,Franco,
1366,Doug Nikhazy,680951,Nikhazy,Doug,Nikhazy,Doug,Doug Nikhazy
1367,Brendan Donovan,680977,Donovan,Brendan,Donovan,Brendan,Brendan Donovan
1368,Kelvin Caceres,680983,Caceres,Kelvin,Caceres,Kelvin,Kelvin Cáceres
1369,Christian Scott,681035,Scott,Christian,Scott,Christian,Christian Scott
1370,Ky Bush,681066,Bush,Ky,Bush,Ky,Ky Bush
1371,Bryson Stott,681082,Stott,Bryson,Stott,Bryson,Bryson Stott
1372,Jonah Bride,681146,Bride,Jonah,Bride,Jonah,Jonah Bride
1373,Jayden Murray,681151,Murray,Jayden,Murray,Jayden,
1374,Luis Curvelo,681168,Curvelo,Luis,Curvelo,Luis,Luis Curvelo
1375,Randy Vasquez,681190,Vasquez,Randy,Vásquez,Randy,Randy Vásquez
1376,Chase Silseth,681217,Silseth,Chase,Silseth,Chase,Chase Silseth
1377,Spencer Arrighetti,681293,Arrighetti,Spencer,Arrighetti,Spencer,Spencer Arrighetti
1378,Colton Cowser,681297,Cowser,Colton,Cowser,Colton,Colton Cowser
1379,Shane Smith,681343,Smith,Shane,Smith,Shane,Shane Smith
1380,Mike Burrows,681347,Burrows,Mike,Burrows,Mike,Mike Burrows
1381,Logan O’Hoppe,681351,O’Hoppe,Logan,O’Hoppe,Logan,Logan O’Hoppe
1382,Connor Norby,681393,Norby,Connor,Norby,Connor,Connor Norby
1383,Josh Green,681401,Green,Josh,Green,Josh,
1384,Luke Little,681432,Little,Luke,Little,Luke,Luke Little
1385,Brooks Baldwin,681460,Baldwin,Brooks,Baldwin,Brooks,Brooks Baldwin
1386,Kerry Carpenter,681481,Carpenter,Kerry,Carpenter,Kerry,Kerry Carpenter
1387,Mickey Gasper,681508,Gasper,Mickey,Gasper,Mickey,Mickey Gasper
1388,Kyle Leahy,681517,Leahy,Kyle,Leahy,Kyle,Kyle Leahy
1389,Antoine Kelly,681520,Kelly,Antoine,Kelly,Antoine,
1390,Bryan Lavastida,681526,Lavastida,Bryan,Lavastida,Bryan,Bryan Lavastida
1391,James Outman,681546,Outman,James,Outman,James,James Outman
1392,David Villar,681584,Villar,David,Villar,David,David Villar
1393,Andy Pages,681624,Pages,Andy,Pages,Andy,Andy Pages
1394,Ryan Fernandez,681676,Fernandez,Ryan,Fernandez,Ryan,Ryan Fernandez
1395,Heriberto Hernandez,681715,Hernandez,Heriberto,Hernandez,Heriberto,Heriberto Hernández
1396,Ethan Roberts,681799,Roberts,Ethan,Roberts,Ethan,Ethan Roberts
1397,Andrew Wantz,681806,Wantz,Andrew,Wantz,Andrew,Andrew Wantz
1398,David Fry,681807,Fry,David,Fry,David,David Fry
1399,Chris Vallimont,681808,Vallimont,Chris,Vallimont,Chris,Chris Vallimont
1400,Austin Warren,681810,Warren,Austin,Warren,Austin,Austin Warren
1401,Reese Olson,681857,Olson,Reese,Olson,Reese,Reese Olson
1402,Cooper Criswell,681867,Criswell,Cooper,Criswell,Cooper,Cooper Criswell
1403,Shawn Dubin,681869,Dubin,Shawn,Dubin,Shawn,Shawn Dubin
1404,Erik Sabrowski,681870,Sabrowski,Erik,Sabrowski,Erik,Erik Sabrowski
1405,Colin Selby,681882,Selby,Colin,Selby,Colin,Colin Selby
1406,Evan Lee,681885,Lee,Evan,Lee,Evan,Evan Lee
1407,Kody Funderburk,681892,Funderburk,Kody,Funderburk,Kody,Kody Funderburk
1408,Alex Vesia,681911,Vesia,Alex,Vesia,Alex,Alex Vesia
1409,Vinny Capra,681962,Capra,Vinny,Capra,Vinny,Vinny Capra
1410,Grant Anderson,681982,Anderson,Grant,Anderson,Grant,Grant Anderson
1411,Nate Eaton,681987,Eaton,Nate,Eaton,Nate,Nate Eaton
1412,Garrett Hill,682051,Hill,Garrett,Hill,Garrett,Garrett Hill
1413,Jacob Lopez,682052,Lopez,Jacob,Lopez,Jacob,Jacob Lopez
1414,David Hensley,682073,Hensley,David,Hensley,David,David Hensley
1415,Levi Jordan,682119,Jordan,Levi,Jordan,Levi,Levi Jordan
1416,Tim Herrin,682120,Herrin,Tim,Herrin,Tim,Tim Herrin
1417,Evan Reifert,682126,Reifert,Evan,Reifert,Evan,
1418,Joe Jacques,682175,Jacques,Joe,Jacques,Joe,Joe Jacques
1419,Daniel Schneemann,682177,Schneemann,Daniel,Schneemann,Daniel,Daniel Schneemann
1420,Drew Avans,682183,Avans,Drew,Avans,Drew,Drew Avans
1421,Kody Hoese,682210,Hoese,Kody,Hoese,Kody,
1422,Brandon Williamson,682227,Williamson,Brandon,Williamson,Brandon,Brandon Williamson
1423,Bryce Miller,682243,Miller,Bryce,Miller,Bryce,Bryce Miller
1424,Mason Montgomery,682254,Montgomery,Mason,Montgomery,Mason,Mason Montgomery
1425,Wes Clarke,682265,Clarke,Wes,Clarke,Wes,
1426,Logan Porter,682515,Porter,Logan,Porter,Logan,Logan Porter
1427,Roddery Munoz,682610,Munoz,Roddery,Muñoz,Roddery,Roddery Muñoz
1428,Diego Cartaya,682616,Cartaya,Diego,Cartaya,Diego,
1429,Marco Luciano,682617,Luciano,Marco,Luciano,Marco,Marco Luciano
1430,Misael Urbina,682618,Urbina,Misael,Urbina,Misael,
1431,Orelvis Martinez,682619,Martinez,Orelvis,Martinez,Orelvis,Orelvis Martinez
1432,Richard Gallardo,682620,Gallardo,Richard,Gallardo,Richard,
1433,Noelvi Marte,682622,Marte,Noelvi,Marte,Noelvi,Noelvi Marte
1434,Francisco Alvarez,682626,Alvarez,Francisco,Alvarez,Francisco,Francisco Alvarez
1435,Alvin Guzman,682630,Guzman,Alvin,Guzman,Alvin,
1436,Kevin Alcantara,682634,Alcantara,Kevin,Alcántara,Kevin,Kevin Alcántara
1437,Osiel Rodriguez,682640,Rodriguez,Osiel,Rodriguez,Osiel,
1438,Luis Matos,682641,Matos,Luis,Matos,Luis,Luis Matos
1439,Alexander Ramirez,682643,Ramirez,Alexander,Ramirez,Alexander,
1440,Malcom Nunez,682650,Nunez,Malcom,Nuñez,Malcom,
1441,Warming Bernabel,682653,Bernabel,Warming,Bernabel,Warming,Warming Bernabel
1442,Angel Martinez,682657,Martinez,Angel,Martínez,Angel,Angel Martínez
1443,Agustin Ramirez,682663,Ramirez,Agustin,Ramírez,Agustín,Agustín Ramírez
1444,Luisangel Acuna,682668,Acuna,Luisangel,Acuña,Luisangel,Luisangel Acuña
1445,Jonatan Clase,682729,Clase,Jonatan,Clase,Jonatan,Jonatan Clase
1446,Eiberson Castellano,682769,Castellano,Eiberson,Castellano,Eiberson,Eiberson Castellano
1447,Wikelman Gonzalez,682790,Gonzalez,Wikelman,González,Wikelman,Wikelman González
1448,Luis Mey,682825,Mey,Luis,Mey,Luis,Luis Mey
1449,Elly De La Cruz,682829,De La Cruz,Elly,De La Cruz,Elly,Elly De La Cruz
1450,Abner Uribe,682842,Uribe,Abner,Uribe,Abner,Abner Uribe
1451,Luis L. Ortiz,682847,Ortiz,Luis L.,Ortiz,Luis L.,Luis L. Ortiz
1452,Endy Rodriguez,682848,Rodriguez,Endy,Rodríguez,Endy,Endy Rodríguez
1453,Bryan Ramos,682868,Ramos,Bryan,Ramos,Bryan,Bryan Ramos
1454,Juan Brito,682877,Brito,Juan,Brito,Juan,
1455,Ronny Simon,682927,Simon,Ronny,Simon,Ronny,Ronny Simon
1456,CJ Abrams,682928,Abrams,CJ,Abrams,CJ,CJ Abrams
1457,Devin Sweet,682967,Sweet,Devin,Sweet,Devin,Devin Sweet
1458,Daniel Espino,682982,Espino,Daniel,Espino,Daniel,
1459,Riley Greene,682985,Greene,Riley,Greene,Riley,Riley Greene
1460,Spencer Jones,682987,Jones,Spencer,Jones,Spencer,
1461,Tyler Locklear,682988,Locklear,Tyler,Locklear,Tyler,Tyler Locklear
1462,Victor Mederos,682989,Mederos,Victor,Mederos,Victor,Victor Mederos
1463,Quinn Priester,682990,Priester,Quinn,Priester,Quinn,Quinn Priester
1464,Tyler Callihan,682997,Callihan,Tyler,Callihan,Tyler,Tyler Callihan
1465,Corbin Carroll,682998,Carroll,Corbin,Carroll,Corbin,Corbin Carroll
1466,Gunnar Henderson,683002,Henderson,Gunnar,Henderson,Gunnar,Gunnar Henderson
1467,Jared Jones,683003,Jones,Jared,Jones,Jared,Jared Jones
1468,Jack Leiter,683004,Leiter,Jack,Leiter,Jack,Jack Leiter
1469,Anthony Volpe,683011,Volpe,Anthony,Volpe,Anthony,Anthony Volpe
1470,Michael Stefanic,683021,Stefanic,Michael,Stefanic,Michael,Michael Stefanic
1471,Alexander Vargas,683061,Vargas,Alexander,Vargas,Alexander,
1472,Zach Penrod,683068,Penrod,Zach,Penrod,Zach,Zach Penrod
1473,Nasim Nunez,683083,Nunez,Nasim,Nuñez,Nasim,Nasim Nuñez
1474,Matthew Lugo,683090,Lugo,Matthew,Lugo,Matthew,Matthew Lugo
1475,Brett Baty,683146,Baty,Brett,Baty,Brett,Brett Baty
1476,Joey Estes,683155,Estes,Joey,Estes,Joey,Joey Estes
1477,Connor Phillips,683175,Phillips,Connor,Phillips,Connor,Connor Phillips
1478,Nick Mears,683232,Mears,Nick,Mears,Nick,Nick Mears
1479,Owen Caissie,683357,Caissie,Owen,Caissie,Owen,
1480,Angel Chivilli,683409,Chivilli,Angel,Chivilli,Angel,Angel Chivilli
1481,Oscar Hernandez,683427,Hernandez,Oscar,Hernandez,Oscar,
1482,Jairo Iriarte,683568,Iriarte,Jairo,Iriarte,Jairo,Jairo Iriarte
1483,Edgardo Henriquez,683618,Henriquez,Edgardo,Henriquez,Edgardo,Edgardo Henriquez
1484,Anthony Molina,683627,Molina,Anthony,Molina,Anthony,Anthony Molina
1485,Royber Salinas,683690,Salinas,Royber,Salinas,Royber,
1486,Andrew Vaughn,683734,Vaughn,Andrew,Vaughn,Andrew,Andrew Vaughn
1487,Michael Busch,683737,Busch,Michael,Busch,Michael,Michael Busch
1488,Victor Mesa Jr.,683748,Mesa Jr.,Victor,Mesa Jr.,Victor,Victor Mesa Jr.
1489,Matt Canterino,683764,Canterino,Matt,Canterino,Matt,Matt Canterino
1490,Christian Koss,683766,Koss,Christian,Koss,Christian,Christian Koss
1491,Hunter Gaddis,683769,Gaddis,Hunter,Gaddis,Hunter,Hunter Gaddis
1492,Will Robertson,683770,Robertson,Will,Robertson,Will,Will Robertson
1493,Travis Bazzana,683953,Bazzana,Travis,Bazzana,Travis,
1494,Shota Imanaga,684007,Imanaga,Shota,Imanaga,Shota,Shota Imanaga
1495,Yariel Rodriguez,684320,Rodriguez,Yariel,Rodríguez,Yariel,Yariel Rodríguez
1496,Craig Yoho,684974,Yoho,Craig,Yoho,Craig,Craig Yoho
1497,Anthony Veneziano,685107,Veneziano,Anthony,Veneziano,Anthony,Anthony Veneziano
1498,Austin Kitchen,685116,Kitchen,Austin,Kitchen,Austin,Austin Kitchen
1499,Brandon Eisert,685126,Eisert,Brandon,Eisert,Brandon,Brandon Eisert
1500,Wade Meckler,685133,Meckler,Wade,Meckler,Wade,Wade Meckler
1501,Tanner Gordon,685299,Gordon,Tanner,Gordon,Tanner,Tanner Gordon
1502,Matt Gorski,685301,Gorski,Matt,Gorski,Matt,Matt Gorski
1503,Andrew Saalfrank,685314,Saalfrank,Andrew,Saalfrank,Andrew,Andrew Saalfrank
1504,Misael Tamarez,685377,Tamarez,Misael,Tamarez,Misael,
1505,Kenedy Corona,685744,Corona,Kenedy,Corona,Kenedy,Kenedy Corona
1506,Hunter Bigge,685801,Bigge,Hunter,Bigge,Hunter,Hunter Bigge
1507,Sal Frelick,686217,Frelick,Sal,Frelick,Sal,Sal Frelick
1508,Emmet Sheehan,686218,Sheehan,Emmet,Sheehan,Emmet,Emmet Sheehan
1509,Drew Millas,686452,Millas,Drew,Millas,Drew,Drew Millas
1510,Vinnie Pasquantino,686469,Pasquantino,Vinnie,Pasquantino,Vinnie,Vinnie Pasquantino
1511,Tyler Tolbert,686475,Tolbert,Tyler,Tolbert,Tyler,Tyler Tolbert
1512,Logan Driscoll,686482,Driscoll,Logan,Driscoll,Logan,Logan Driscoll
1513,Cam Eden,686490,Eden,Cam,Eden,Cam,Cam Eden
1514,Dominic Canzone,686527,Canzone,Dominic,Canzone,Dominic,Dominic Canzone
1515,Andre Lipcius,686531,Lipcius,Andre,Lipcius,Andre,Andre Lipcius
1516,Declan Cronin,686539,Cronin,Declan,Cronin,Declan,Declan Cronin
1517,Oliver Dunn,686554,Dunn,Oliver,Dunn,Oliver,Oliver Dunn
1518,Isaac Collins,686555,Collins,Isaac,Collins,Isaac,Isaac Collins
1519,Jonathan Cannon,686563,Cannon,Jonathan,Cannon,Jonathan,Jonathan Cannon
1520,Justin Slaten,686580,Slaten,Justin,Slaten,Justin,Justin Slaten
1521,Ken Waldichuk,686610,Waldichuk,Ken,Waldichuk,Ken,Ken Waldichuk
1522,Dylan Crews,686611,Crews,Dylan,Crews,Dylan,Dylan Crews
1523,Hunter Brown,686613,Brown,Hunter,Brown,Hunter,Hunter Brown
1524,Fraser Ellard,686642,Ellard,Fraser,Ellard,Fraser,Fraser Ellard
1525,Levi Stoudt,686651,Stoudt,Levi,Stoudt,Levi,Levi Stoudt
1526,Ty Adcock,686654,Adcock,Ty,Adcock,Ty,Ty Adcock
1527,Brenton Doyle,686668,Doyle,Brenton,Doyle,Brenton,Brenton Doyle
1528,Korey Lee,686676,Lee,Korey,Lee,Korey,Korey Lee
1529,Michael Massey,686681,Massey,Michael,Massey,Michael,Michael Massey
1530,Ryan Bergert,686701,Bergert,Ryan,Bergert,Ryan,Ryan Bergert
1531,Carson Spiers,686730,Spiers,Carson,Spiers,Carson,Carson Spiers
1532,Joe La Sorsa,686747,La Sorsa,Joe,La Sorsa,Joe,Joe La Sorsa
1533,Seth Johnson,686751,Johnson,Seth,Johnson,Seth,Seth Johnson
1534,Ryan Pepiot,686752,Pepiot,Ryan,Pepiot,Ryan,Ryan Pepiot
1535,Drey Jameson,686753,Jameson,Drey,Jameson,Drey,Drey Jameson
1536,Nick Sogard,686765,Sogard,Nick,Sogard,Nick,Nick Sogard
1537,Pedro Pages,686780,Pages,Pedro,Pagés,Pedro,Pedro Pagés
1538,Blake Walston,686796,Walston,Blake,Walston,Blake,Blake Walston
1539,Brooks Lee,686797,Lee,Brooks,Lee,Brooks,Brooks Lee
1540,Jack Kochanowicz,686799,Kochanowicz,Jack,Kochanowicz,Jack,Jack Kochanowicz
1541,Will Brennan,686823,Brennan,Will,Brennan,Will,Will Brennan
1542,Bryce Jarvis,686826,Jarvis,Bryce,Jarvis,Bryce,Bryce Jarvis
1543,Colby White,686831,White,Colby,White,Colby,
1544,Brendan White,686839,White,Brendan,White,Brendan,Brendan White
1545,Reggie Crawford,686846,Crawford,Reggie,Crawford,Reggie,
1546,Joey Wiemer,686894,Wiemer,Joey,Wiemer,Joey,Joey Wiemer
1547,Mason Barnett,686930,Barnett,Mason,Barnett,Mason,
1548,Drake Baldwin,686948,Baldwin,Drake,Baldwin,Drake,Drake Baldwin
1549,Cole Waites,686972,Waites,Cole,Waites,Cole,Cole Waites
1550,Louis Varland,686973,Varland,Louis,Varland,Louis,Louis Varland
1551,Justin Sterner,686993,Sterner,Justin,Sterner,Justin,Justin Sterner
1552,Brandon Young,687064,Young,Brandon,Young,Brandon,Brandon Young
1553,Eric Yang,687066,Yang,Eric,Yang,Eric,Eric Yang
1554,Brandon Sproat,687075,Sproat,Brandon,Sproat,Brandon,Brandon Sproat
1555,Vaughn Grissom,687093,Grissom,Vaughn,Grissom,Vaughn,Vaughn Grissom
1556,Bradley Blalock,687134,Blalock,Bradley,Blalock,Bradley,Bradley Blalock
1557,Evan Justice,687145,Justice,Evan,Justice,Evan,Evan Justice
1558,Zach Maxwell,687209,Maxwell,Zach,Maxwell,Zach,
1559,Dalton Rushing,687221,Rushing,Dalton,Rushing,Dalton,Dalton Rushing
1560,Darell Hernaiz,687231,Hernaiz,Darell,Hernaiz,Darell,Darell Hernaiz
1561,Zach Neto,687263,Neto,Zach,Neto,Zach,Zach Neto
1562,K.C. Hunt,687268,Hunt,K.C.,Hunt,K.C.,
1563,Quinn Mathews,687273,Mathews,Quinn,Mathews,Quinn,
1564,Gabriel Rincones Jr.,687282,Rincones Jr.,Gabriel,Rincones Jr.,Gabriel,
1565,Kevin Kelly,687330,Kelly,Kevin,Kelly,Kevin,Kevin Kelly
1566,Connor Gillispie,687362,Gillispie,Connor,Gillispie,Connor,Connor Gillispie
1567,Victor Scott II,687363,Scott II,Victor,Scott II,Victor,Victor Scott II
1568,Orlando Ribalta,687377,Ribalta,Orlando,Ribalta,Orlando,Orlando Ribalta
1569,Chad Bell,687382,Bell,Chad,Bell,Chad,
1570,Brent Headrick,687396,Headrick,Brent,Headrick,Brent,Brent Headrick
1571,Joey Ortiz,687401,Ortiz,Joey,Ortiz,Joey,Joey Ortiz
1572,Anthony Maldonado,687424,Maldonado,Anthony,Maldonado,Anthony,Anthony Maldonado
1573,Hudson Head,687431,Head,Hudson,Head,Hudson,
1574,Spencer Horwitz,687462,Horwitz,Spencer,Horwitz,Spencer,Spencer Horwitz
1575,Ryan Gusto,687473,Gusto,Ryan,Gusto,Ryan,Ryan Gusto
1576,Colby Thomas,687515,Thomas,Colby,Thomas,Colby,Colby Thomas
1577,Grant McCray,687529,McCray,Grant,McCray,Grant,Grant McCray
1578,Drew Gilbert,687551,Gilbert,Drew,Gilbert,Drew,Drew Gilbert
1579,Dom Hamel,687589,Hamel,Dom,Hamel,Dom,
1580,Jordan Beck,687597,Beck,Jordan,Beck,Jordan,Jordan Beck
1581,Paxton Schultz,687606,Schultz,Paxton,Schultz,Paxton,Paxton Schultz
1582,Dylan Beavers,687637,Beavers,Dylan,Beavers,Dylan,
1583,Kaden Polcovich,687659,Polcovich,Kaden,Polcovich,Kaden,
1584,Jackson Cluff,687714,Cluff,Jackson,Cluff,Jackson,
1585,Mitch Spence,687765,Spence,Mitch,Spence,Mitch,Mitch Spence
1586,DJ Herz,687792,Herz,DJ,Herz,DJ,DJ Herz
1587,Nick Robertson,687798,Robertson,Nick,Robertson,Nick,Nick Robertson
1588,Cade Marlowe,687799,Marlowe,Cade,Marlowe,Cade,Cade Marlowe
1589,Sawyer Gipson-Long,687830,Gipson-Long,Sawyer,Gipson-Long,Sawyer,Sawyer Gipson-Long
1590,Marc Church,687847,Church,Marc,Church,Marc,Marc Church
1591,Troy Johnston,687859,Johnston,Troy,Johnston,Troy,Troy Johnston
1592,Porter Hodge,687863,Hodge,Porter,Hodge,Porter,Porter Hodge
1593,Brandon Walter,687888,Walter,Brandon,Walter,Brandon,Brandon Walter
1594,Bryan King,687911,King,Bryan,King,Bryan,Bryan King
1595,Easton Lucas,687922,Lucas,Easton,Lucas,Easton,Easton Lucas
1596,Julian Aguiar,687924,Aguiar,Julian,Aguiar,Julian,Julian Aguiar
1597,Carson Whisenhunt,687931,Whisenhunt,Carson,Whisenhunt,Carson,Carson Whisenhunt
1598,Christian Encarnacion-Strand,687952,Encarnacion-Strand,Christian,Encarnacion-Strand,Christian,Christian Encarnacion-Strand
1599,Dustin Harris,687957,Harris,Dustin,Harris,Dustin,Dustin Harris
1600,Robert Gasser,688107,Gasser,Robert,Gasser,Robert,Robert Gasser
1601,Logan Evans,688138,Evans,Logan,Evans,Logan,Logan Evans
1602,Chris Roycroft,688297,Roycroft,Chris,Roycroft,Chris,Chris Roycroft
1603,Graham Pauley,688363,Pauley,Graham,Pauley,Graham,Graham Pauley
1604,Kolton Ingram,688427,Ingram,Kolton,Ingram,Kolton,Kolton Ingram
1605,Gavin Cross,688457,Cross,Gavin,Cross,Gavin,
1606,Zach Agnos,688642,Agnos,Zach,Agnos,Zach,Zach Agnos
1607,Blaine Crim,688760,Crim,Blaine,Crim,Blaine,Blaine Crim
1608,Landon Knack,689017,Knack,Landon,Knack,Landon,Landon Knack
1609,Orion Kerkering,689147,Kerkering,Orion,Kerkering,Orion,Orion Kerkering
1610,Chad Dallas,689149,Dallas,Chad,Dallas,Chad,
1611,Brett Wisely,689172,Wisely,Brett,Wisely,Brett,Brett Wisely
1612,Jacob Melton,689200,Melton,Jacob,Melton,Jacob,Jacob Melton
1613,Beau Brieske,689225,Brieske,Beau,Brieske,Beau,Beau Brieske
1614,Mason Fluharty,689254,Fluharty,Mason,Fluharty,Mason,Mason Fluharty
1615,Dylan Dodd,689266,Dodd,Dylan,Dodd,Dylan,Dylan Dodd
1616,Matt Koperniak,689288,Koperniak,Matt,Koperniak,Matt,
1617,Liam Hicks,689414,Hicks,Liam,Hicks,Liam,Liam Hicks
1618,Drew Thorpe,689672,Thorpe,Drew,Thorpe,Drew,Drew Thorpe
1619,Alek Jacob,689690,Jacob,Alek,Jacob,Alek,Alek Jacob
1620,Andrew Walters,689958,Walters,Andrew,Walters,Andrew,Andrew Walters
1621,River Ryan,689981,Ryan,River,Ryan,River,River Ryan
1622,Ryan Ritter,690022,Ritter,Ryan,Ritter,Ryan,Ryan Ritter
1623,Jace Jung,690291,Jung,Jace,Jung,Jace,Jace Jung
1624,Ben Joyce,690829,Joyce,Ben,Joyce,Ben,Ben Joyce
1625,Richard Fitts,690916,Fitts,Richard,Fitts,Richard,Richard Fitts
1626,Braxton Fulford,690924,Fulford,Braxton,Fulford,Braxton,Braxton Fulford
1627,Clayton Beeter,690925,Beeter,Clayton,Beeter,Clayton,Clayton Beeter
1628,Hunter Dobbins,690928,Dobbins,Hunter,Dobbins,Hunter,Hunter Dobbins
1629,Mick Abel,690953,Abel,Mick,Abel,Mick,Mick Abel
1630,Enrique Bradfield Jr.,690961,Bradfield Jr.,Enrique,Bradfield Jr.,Enrique,
1631,Alex Freeland,690976,Freeland,Alex,Freeland,Alex,Alex Freeland
1632,Dax Fulton,690978,Fulton,Dax,Fulton,Dax,
1633,Kyle Harrison,690986,Harrison,Kyle,Harrison,Kyle,Kyle Harrison
1634,Robert Hassell III,690987,Hassell III,Robert,Hassell III,Robert,Robert Hassell III
1635,Austin Hendrick,690988,Hendrick,Austin,Hendrick,Austin,
1636,Cade Horton,690990,Horton,Cade,Horton,Cade,Cade Horton
1637,Colt Keith,690993,Keith,Colt,Keith,Colt,Colt Keith
1638,Tre’ Morgan,691003,Morgan,Tre’,Morgan,Tre’,
1639,Drew Romo,691011,Romo,Drew,Romo,Drew,Drew Romo
1640,Tyler Soderstrom,691016,Soderstrom,Tyler,Soderstrom,Tyler,Tyler Soderstrom
1641,Kyle Teel,691019,Teel,Kyle,Teel,Kyle,Kyle Teel
1642,A.J. Vukovich,691021,Vukovich,A.J.,Vukovich,A.J.,
1643,Jordan Walker,691023,Walker,Jordan,Walker,Jordan,Jordan Walker
1644,Masyn Winn,691026,Winn,Masyn,Winn,Masyn,Masyn Winn
1645,Randy Wynne,691094,Wynne,Randy,Wynne,Randy,Randy Wynne
1646,Yosver Zulueta,691172,Zulueta,Yosver,Zulueta,Yosver,Yosver Zulueta
1647,Jasson Dominguez,691176,Dominguez,Jasson,Domínguez,Jasson,Jasson Domínguez
1648,Emmanuel Rodriguez,691181,Rodriguez,Emmanuel,Rodriguez,Emmanuel,
1649,Adael Amador,691182,Amador,Adael,Amador,Adael,Adael Amador
1650,Deyvison De Los Santos,691277,De Los Santos,Deyvison,De Los Santos,Deyvison,Deyvison De Los Santos
1651,Moises Chace,691330,Chace,Moises,Chace,Moisés,
1652,Junior Caminero,691406,Caminero,Junior,Caminero,Junior,Junior Caminero
1653,Cristian Mena,691441,Mena,Cristian,Mena,Cristian,Cristian Mena
1654,Eury Perez,691587,Perez,Eury,Pérez,Eury,Eury Pérez
1655,Javier Sanoja,691594,Sanoja,Javier,Sanoja,Javier,Javier Sanoja
1656,Jeferson Quero,691620,Quero,Jeferson,Quero,Jeferson,
1657,Pete Crow-Armstrong,691718,Crow-Armstrong,Pete,Crow-Armstrong,Pete,Pete Crow-Armstrong
1658,Jared Kelley,691721,Kelley,Jared,Kelley,Jared,
1659,Coby Mayo,691723,Mayo,Coby,Mayo,Coby,Coby Mayo
1660,Andrew Painter,691725,Painter,Andrew,Painter,Andrew,
1661,Zac Veen,691728,Veen,Zac,Veen,Zac,Zac Veen
1662,Max Muncy,691777,Muncy,Max,Muncy,Max,Max Muncy
1663,Brady House,691781,House,Brady,House,Brady,Brady House
1664,Jordan Lawlar,691783,Lawlar,Jordan,Lawlar,Jordan,Jordan Lawlar
1665,Marcelo Mayer,691785,Mayer,Marcelo,Mayer,Marcelo,Marcelo Mayer
1666,Grant Taylor,691799,Taylor,Grant,Taylor,Grant,Grant Taylor
1667,Sem Robberse,691828,Robberse,Sem,Robberse,Sem,
1668,Jared Serna,691858,Serna,Jared,Serna,Jared,
1669,Tsung-Che Cheng,691907,Cheng,Tsung-Che,Cheng,Tsung-Che,Tsung-Che Cheng
1670,Jesus Castillo,691913,Castillo,Jesus,Castillo,Jesus,
1671,George Klassen,691946,Klassen,George,Klassen,George,
1672,Jake Vogel,691949,Vogel,Jake,Vogel,Jake,
1673,Sam Aldegheri,691951,Aldegheri,Sam,Aldegheri,Sam,Sam Aldegheri
1674,C.J. Kayfus,692216,Kayfus,C.J.,Kayfus,C.J.,CJ Kayfus
1675,Kristian Campbell,692225,Campbell,Kristian,Campbell,Kristian,Kristian Campbell
1676,Carlos Rodriguez,692230,Rodriguez,Carlos,Rodriguez,Carlos,Carlos Rodriguez
1677,Luis Guerrero,692285,Guerrero,Luis,Guerrero,Luis,Luis Guerrero
1678,Yoniel Curet,692414,Curet,Yoniel,Curet,Yoniel,
1679,Winston Santos,692437,Santos,Winston,Santos,Winston,
1680,Yanquiel Fernandez,692585,Fernandez,Yanquiel,Fernández,Yanquiel,Yanquiel Fernández
1681,Oscar Colas,693049,Colas,Oscar,Colás,Oscar,Oscar Colás
1682,Nick Gonzales,693304,Gonzales,Nick,Gonzales,Nick,Nick Gonzales
1683,Dillon Dingler,693307,Dingler,Dillon,Dingler,Dillon,Dillon Dingler
1684,Nick Frasso,693308,Frasso,Nick,Frasso,Nick,
1685,Burl Carraway,693310,Carraway,Burl,Carraway,Burl,
1686,Tink Hence,693311,Hence,Tink,Hence,Tink,
1687,Kyle Nicolas,693312,Nicolas,Kyle,Nicolas,Kyle,Kyle Nicolas
1688,Bryan Woo,693433,Woo,Bryan,Woo,Bryan,Bryan Woo
1689,Taylor Dollard,693440,Dollard,Taylor,Dollard,Taylor,
1690,Cam Schlittler,693645,Schlittler,Cam,Schlittler,Cam,Cam Schlittler
1691,Emiliano Teodo,693713,Teodo,Emiliano,Teodo,Emiliano,
1692,Bryce Elder,693821,Elder,Bryce,Elder,Bryce,Bryce Elder
1693,Ian Seymour,693855,Seymour,Ian,Seymour,Ian,Ian Seymour
1694,Daniel Palencia,694037,Palencia,Daniel,Palencia,Daniel,Daniel Palencia
1695,Pedro Leon,694175,Leon,Pedro,León,Pedro,Pedro León
1696,Jackson Chourio,694192,Chourio,Jackson,Chourio,Jackson,Jackson Chourio
1697,Moises Ballesteros,694208,Ballesteros,Moises,Ballesteros,Moisés,Moisés Ballesteros
1698,Samuel Basallo,694212,Basallo,Samuel,Basallo,Samuel,
1699,Brandon Pfaadt,694297,Pfaadt,Brandon,Pfaadt,Brandon,Brandon Pfaadt
1700,Zach Brzykcy,694350,Brzykcy,Zach,Brzykcy,Zach,Zach Brzykcy
1701,Tyler Gentry,694355,Gentry,Tyler,Gentry,Tyler,Tyler Gentry
1702,Ricky Tiedemann,694357,Tiedemann,Ricky,Tiedemann,Ricky,
1703,Tekoah Roby,694358,Roby,Tekoah,Roby,Tekoah,
1704,Niko Kavadas,694359,Kavadas,Niko,Kavadas,Niko,Niko Kavadas
1705,Will Klein,694361,Klein,Will,Klein,Will,Will Klein
1706,Blake Dunn,694362,Dunn,Blake,Dunn,Blake,Blake Dunn
1707,Jared Shuster,694363,Shuster,Jared,Shuster,Jared,Jared Shuster
1708,Tim Tawa,694374,Tawa,Tim,Tawa,Tim,Tim Tawa
1709,Shay Whitcomb,694376,Whitcomb,Shay,Whitcomb,Shay,Shay Whitcomb
1710,Nick Yorke,694377,Yorke,Nick,Yorke,Nick,Nick Yorke
1711,Nolan Schanuel,694384,Schanuel,Nolan,Schanuel,Nolan,Nolan Schanuel
1712,Brock Wilken,694385,Wilken,Brock,Wilken,Brock,
1713,Joey Loperfido,694388,Loperfido,Joey,Loperfido,Joey,Joey Loperfido
1714,Justice Bigbie,694425,Bigbie,Justice,Bigbie,Justice,
1715,Hurston Waldrep,694462,Waldrep,Hurston,Waldrep,Hurston,Hurston Waldrep
1716,Chad Patrick,694477,Patrick,Chad,Patrick,Chad,Chad Patrick
1717,Evan Carter,694497,Carter,Evan,Carter,Evan,Evan Carter
1718,Sterlin Thompson,694514,Thompson,Sterlin,Thompson,Sterlin,
1719,Chase Hampton,694633,Hampton,Chase,Hampton,Chase,
1720,Chayce McDermott,694646,McDermott,Chayce,McDermott,Chayce,Chayce McDermott
1721,Wyatt Langford,694671,Langford,Wyatt,Langford,Wyatt,Wyatt Langford
1722,Brice Matthews,694728,Matthews,Brice,Matthews,Brice,Brice Matthews
1723,Landen Roupp,694738,Roupp,Landen,Roupp,Landen,Landen Roupp
1724,Gavin Stone,694813,Stone,Gavin,Stone,Gavin,Gavin Stone
1725,Jacob Misiorowski,694819,Misiorowski,Jacob,Misiorowski,Jacob,Jacob Misiorowski
1726,Ryan Murphy,694885,Murphy,Ryan,Murphy,Ryan,
1727,Paul Skenes,694973,Skenes,Paul,Skenes,Paul,Paul Skenes
1728,Rhett Lowder,695076,Lowder,Rhett,Lowder,Rhett,Rhett Lowder
1729,Will Wagner,695238,Wagner,Will,Wagner,Will,Will Wagner
1730,Mason Miller,695243,Miller,Mason,Miller,Mason,Mason Miller
1731,Billy Cook,695257,Cook,Billy,Cook,Billy,Billy Cook
1732,Thomas Saggese,695336,Saggese,Thomas,Saggese,Thomas,Thomas Saggese
1733,Brett Harris,695391,Harris,Brett,Harris,Brett,Brett Harris
1734,Brad Lord,695418,Lord,Brad,Lord,Brad,Brad Lord
1735,Chase Burns,695505,Burns,Chase,Burns,Chase,Chase Burns
1736,Jac Caglianone,695506,Caglianone,Jac,Caglianone,Jac,Jac Caglianone
1737,Tyler Collins,695514,Collins,Tyler,,,
1738,Chase Petty,695534,Petty,Chase,Petty,Chase,Chase Petty
1739,Jackson Jobe,695549,Jobe,Jackson,Jobe,Jackson,Jackson Jobe
1740,James Wood,695578,Wood,James,Wood,James,James Wood
1741,Colson Montgomery,695657,Montgomery,Colson,Montgomery,Colson,Colson Montgomery
1742,Harry Ford,695670,Ford,Harry,Ford,Harry,Harry Ford
1743,Christian Moore,695681,Moore,Christian,Moore,Christian,Christian Moore
1744,Daylen Lile,695734,Lile,Daylen,Lile,Daylen,Daylen Lile
1745,Josh Stephan,695776,Stephan,Josh,Stephan,Josh,
1746,Wilmer Flores,695865,Flores,Wilmer,Flores,Wilmer,
1747,Alejandro Osuna,696030,Osuna,Alejandro,Osuna,Alejandro,Alejandro Osuna
1748,Hunter Goodman,696100,Goodman,Hunter,Goodman,Hunter,Hunter Goodman
1749,Mason Black,696131,Black,Mason,Black,Mason,Mason Black
1750,Jordan Wicks,696136,Wicks,Jordan,Wicks,Jordan,Jordan Wicks
1751,Hagen Smith,696146,Smith,Hagen,Smith,Hagen,
1752,Sam Bachman,696147,Bachman,Sam,Bachman,Sam,Sam Bachman
1753,Bubba Chandler,696149,Chandler,Bubba,Chandler,Bubba,
1754,Ryan Johnson,696270,Johnson,Ryan,Johnson,Ryan,Ryan Johnson
1755,Jacob Young,696285,Young,Jacob,Young,Jacob,Jacob Young
1756,Joe Rock,697812,Rock,Joe,Rock,Joe,Joe Rock
1757,Miguel Ullola,699044,Ullola,Miguel,Ullola,Miguel,
1758,Hector Rodriguez,699302,Rodriguez,Hector,Rodriguez,Hector,
1759,Ivan Melendez,699471,Melendez,Ivan,Melendez,Ivan,
1760,Troy Taylor,700187,Taylor,Troy,Taylor,Troy,Troy Taylor
1761,Michael McGreevy,700241,McGreevy,Michael,McGreevy,Michael,Michael McGreevy
1762,Trey Sweeney,700242,Sweeney,Trey,Sweeney,Trey,Trey Sweeney
1763,Carson Williams,700246,Williams,Carson,Williams,Carson,
1764,Cade Povich,700249,Povich,Cade,Povich,Cade,Cade Povich
1765,Ben Rice,700250,Rice,Ben,Rice,Ben,Ben Rice
1766,Yilber Diaz,700270,Diaz,Yilber,Díaz,Yilber,Yilber Díaz
1767,Edgar Quero,700337,Quero,Edgar,Quero,Edgar,Edgar Quero
1768,AJ Smith-Shawver,700363,Smith-Shawver,AJ,Smith-Shawver,AJ,AJ Smith-Shawver
1769,Gordon Graceffo,700669,Graceffo,Gordon,Graceffo,Gordon,Gordon Graceffo
1770,Kyle Manzardo,700932,Manzardo,Kyle,Manzardo,Kyle,Kyle Manzardo
1771,Logan VanWey,701121,VanWey,Logan,VanWey,Logan,Logan VanWey
1772,Zach Dezenzo,701305,Dezenzo,Zach,Dezenzo,Zach,Zach Dezenzo
1773,Jackson Ferris,701328,Ferris,Jackson,Ferris,Jackson,
1774,Roman Anthony,701350,Anthony,Roman,Anthony,Roman,Roman Anthony
1775,Cam Smith,701358,Smith,Cam,Smith,Cam,Cam Smith
1776,Jackson Merrill,701538,Merrill,Jackson,Merrill,Jackson,Jackson Merrill
1777,Will Warren,701542,Warren,Will,Warren,Will,Will Warren
1778,David Festa,701581,Festa,David,Festa,David,David Festa
1779,Grant Hartwig,701643,Hartwig,Grant,Hartwig,Grant,Grant Hartwig
1780,James Triantos,701649,Triantos,James,Triantos,James,
1781,Logan Henderson,701656,Henderson,Logan,Henderson,Logan,Logan Henderson
1782,Hao-Yu Lee,701678,Lee,Hao-Yu,Lee,Hao-Yu,
1783,Nick Kurtz,701762,Kurtz,Nick,Kurtz,Nick,Nick Kurtz
1784,Justin Armbruester,701859,Armbruester,Justin,Armbruester,Justin,
1785,Will Dion,702021,Dion,Will,Dion,Will,
1786,Noah Cameron,702070,Cameron,Noah,Cameron,Noah,Noah Cameron
1787,Alan Roden,702176,Roden,Alan,Roden,Alan,Alan Roden
1788,Andrew Morris,702193,Morris,Andrew,Morris,Andrew,
1789,Justin Crawford,702222,Crawford,Justin,Crawford,Justin,
1790,Druw Jones,702258,Jones,Druw,Jones,Druw,
1791,Noah Schultz,702273,Schultz,Noah,Schultz,Noah,
1792,Robby Snelling,702281,Snelling,Robby,Snelling,Robby,
1793,Cole Young,702284,Young,Cole,Young,Cole,Cole Young
1794,RJ Schreck,702302,Schreck,RJ,Schreck,RJ,
1795,Caleb Durbin,702332,Durbin,Caleb,Durbin,Caleb,Caleb Durbin
1796,Haydn McGeary,702333,McGeary,Haydn,McGeary,Haydn,
1797,Spencer Bivens,702352,Bivens,Spencer,Bivens,Spencer,Spencer Bivens
1798,Trey Lipscomb,702358,Lipscomb,Trey,Lipscomb,Trey,Trey Lipscomb
1799,Jimmy Joyce,702460,Joyce,Jimmy,Joyce,Jimmy,
1800,Jett Williams,702518,Williams,Jett,Williams,Jett,
1801,Jackson Holliday,702616,Holliday,Jackson,Holliday,Jackson,Jackson Holliday
1802,Caden Dana,702674,Dana,Caden,Dana,Caden,Caden Dana
1803,Ryan Loutos,702795,Loutos,Ryan,Loutos,Ryan,Ryan Loutos
1804,Lazaro Montes,703155,Montes,Lazaro,Montes,Lazaro,
1805,Jarlin Susana,703186,Susana,Jarlin,Susana,Jarlin,
1806,Parker Messick,800048,Messick,Parker,Messick,Parker,Parker Messick
1807,Adam Mazur,800049,Mazur,Adam,Mazur,Adam,Adam Mazur
1808,Chase DeLauter,800050,DeLauter,Chase,DeLauter,Chase,
1809,Didier Fuentes,800311,Fuentes,Didier,Fuentes,Didier,Didier Fuentes
1810,Chase Dollander,801403,Dollander,Chase,Dollander,Chase,Chase Dollander
1811,J.J. Wetherholt,802139,Wetherholt,J.J.,Wetherholt,J.J.,
1812,Drue Hackenberg,802357,Hackenberg,Drue,Hackenberg,Drue,
1813,Chandler Simpson,802415,Simpson,Chandler,Simpson,Chandler,Chandler Simpson
1814,Thomas Harrington,802419,Harrington,Thomas,Harrington,Thomas,Thomas Harrington
1815,Reid VanScoter,804577,VanScoter,Reid,VanScoter,Reid,
1816,AJ Blubaugh,805123,Blubaugh,AJ,Blubaugh,AJ,AJ Blubaugh
1817,Otto Kemp,805249,Kemp,Otto,Kemp,Otto,Otto Kemp
1818,Jakob Marsee,805300,Marsee,Jakob,Marsee,Jakob,Jakob Marsee
1819,Chase Meidroth,805367,Meidroth,Chase,Meidroth,Chase,Chase Meidroth
1820,Nacho Alvarez Jr.,805373,Alvarez Jr.,Nacho,Alvarez Jr.,Nacho,Nacho Alvarez Jr.
1821,Zebby Matthews,805673,Matthews,Zebby,Matthews,Zebby,Zebby Matthews
1822,Jacob Wilson,805779,Wilson,Jacob,Wilson,Jacob,Jacob Wilson
1823,Walker Jenkins,805805,Jenkins,Walker,Jenkins,Walker,
1824,Bryce Eldridge,805811,Eldridge,Bryce,Eldridge,Bryce,
1825,Hayden Birdsong,806185,Birdsong,Hayden,Birdsong,Hayden,Hayden Birdsong
1826,Cooper Pratt,806198,Pratt,Cooper,Pratt,Cooper,
1827,Ethan Salas,806956,Salas,Ethan,Salas,Ethan,
1828,Sebastian Walcott,806964,Walcott,Sebastian,Walcott,Sebastian,
1829,Luke Keaschall,807712,Keaschall,Luke,Keaschall,Luke,Luke Keaschall
1830,Matt Shaw,807713,Shaw,Matt,Shaw,Matt,Matt Shaw
1831,Masataka Yoshida,807799,Yoshida,Masataka,Yoshida,Masataka,Masataka Yoshida
1832,Roki Sasaki,808963,Sasaki,Roki,Sasaki,Roki,Roki Sasaki
1833,Yoshinobu Yamamoto,808967,Yamamoto,Yoshinobu,Yamamoto,Yoshinobu,Yoshinobu Yamamoto
1834,Woo-Suk Go,808970,Go,Woo-Suk,Go,Woo-Suk,
1835,Hyeseong Kim,808975,Kim,Hyeseong,Kim,Hyeseong,Hyeseong Kim
1836,Jung Hoo Lee,808982,Lee,Jung Hoo,Lee,Jung Hoo,Jung Hoo Lee
1837,Charlie Condon,809707,Condon,Charlie,Condon,Charlie,
1838,Ben Williamson,810938,Williamson,Ben,Williamson,Ben,Ben Williamson
1839,Jake Bloss,814005,Bloss,Jake,Bloss,Jake,Jake Bloss
1840,Leodalis De Vries,815888,De Vries,Leodalis,De Vries,Leodalis,
1841,Jesus Made,815908,Made,Jesus,Made,Jesus,
1842,Payton Eeles,823356,Eeles,Payton,,,
1843,Shinnosuke Ogasawara,829272,Ogasawara,Shinnosuke,Ogasawara,Shinnosuke,Shinnosuke Ogasawara
1844,Koyo Aoyagi,829460,Aoyagi,Koyo,Aoyagi,Koyo,
1845,Shohei Ohtani,660271,Ohtani,Shohei,Ohtani,Shohei,Shohei Ohtani
